Plot,ID,Subplot_Plant_Label,Visits_tot,homo_motif,hete_motif,Week
1,Eucera_sp,F2 CHFU,1,0,0,7
2,Eucera_sp,D1 CHFU,1,1,0,7
2,Eucera_sp,E2 CHFU,1,1,0,7
2,Ulidiidae,E3 CHFU,1,0,0,7
8,Ulidiidae,A1 CHFU,1,15,0,7
8,Ulidiidae,A2 CHFU,1,15,0,7
8,Ulidiidae,A3 CHFU,1,15,0,7
8,Ulidiidae,A5 CHFU,1,15,0,7
8,Ulidiidae,A6 CHFU,2,15,0,7
8,Ulidiidae,B1 CHFU,2,15,0,7
8,Ulidiidae,B2 CHFU,1,15,0,7
8,Ulidiidae,C1 CHFU,1,15,0,7
8,Ulidiidae,C2 CHFU,1,15,0,7
8,Ulidiidae,C3 CHFU,2,15,0,7
8,Ulidiidae,C5 CHFU,2,15,0,7
8,Ulidiidae,C6 CHFU,1,15,0,7
8,Ulidiidae,D3 CHFU,1,15,0,7
8,Ulidiidae,D4 CHFU,1,15,0,7
8,Ulidiidae,E3 CHFU,1,15,0,7
8,Ulidiidae,F5 CHFU,1,15,0,7
9,Eucera_sp,A1 CHFU,1,0,0,7
9,Andrena_sp,D2 CHFU,1,4,0,7
9,Andrena_sp,D3 CHFU,3,4,0,7
9,Ulidiidae,D3 CHFU,2,3,0,7
9,Andrena_sp,E2 CHFU,3,4,0,7
9,Andrena_sp,E3 CHFU,3,4,0,7
9,Ulidiidae,E4 CHFU,1,3,0,7
9,Andrena_sp,F5 CHFU,2,4,0,7
9,Ulidiidae,F5 CHFU,4,3,0,7
9,Ulidiidae,F6 CHFU,1,3,0,7
8,Ulidiidae,A2 CHFU,1,6,0,8
8,Ulidiidae,A3 CHFU,1,6,0,8
8,Ulidiidae,A4 CHFU,3,6,0,8
8,Eupeodes_corollae,A5 CHFU,1,0,0,8
8,Ulidiidae,B4 CHFU,1,6,0,8
8,Ulidiidae,C1 CHFU,1,6,0,8
8,Musca_sp,C4 CHFU,1,3,0,8
8,Musca_sp,C5 CHFU,1,3,0,8
8,Musca_sp,D2 CHFU,1,3,0,8
8,Ulidiidae,E1 CHFU,1,6,0,8
8,Ulidiidae,F2 CHFU,1,6,0,8
8,Musca_sp,F4 CHFU,1,3,0,8
9,Psilothrix_viridicoerulea,A1 CHFU,1,5,0,8
9,Psilothrix_viridicoerulea,B1 CHFU,2,5,0,8
9,Psilothrix_viridicoerulea,B3 CHFU,1,5,0,8
9,Psilothrix_viridicoerulea,C2 CHFU,3,5,0,8
9,Psilothrix_viridicoerulea,C3 CHFU,1,5,0,8
9,Brassicogethes_sp,D2 CHFU,1,0,0,8
9,Psilothrix_viridicoerulea,D2 CHFU,1,5,0,8
9,Ulidiidae,D5 CHFU,1,0,0,8
9,Andrena_argentata,E1 CHFU,1,2,0,8
9,Andrena_argentata,E6 CHFU,1,2,0,8
9,Musca_sp,F1 CHFU,1,2,0,8
9,Musca_sp,F4 CHFU,4,2,0,8
9,Andrena_argentata,F5 CHFU,2,2,0,8
9,Musca_sp,F5 CHFU,1,2,0,8
9,Eristalis_sp,F6 CHFU,1,0,0,8
7,Ulidiidae,A4 CHFU,1,3,0,9
7,Ulidiidae,E1 CHFU,1,3,0,9
7,Ulidiidae,E4 CHFU,1,3,0,9
7,Ulidiidae,F2 CHFU,1,3,0,9
8,Ulidiidae,A1 CHFU,1,13,0,9
8,Andrena_sp,A2 CHFU,1,0,0,9
8,Ulidiidae,A2 CHFU,1,13,0,9
8,Ulidiidae,A3 CHFU,2,13,0,9
8,Ulidiidae,A4 CHFU,1,13,0,9
8,Ulidiidae,A6 CHFU,1,13,0,9
8,Ulidiidae,B6 CHFU,1,13,0,9
8,Ulidiidae,C1 CHFU,2,13,0,9
8,Ulidiidae,C2 CHFU,3,13,0,9
8,Psilothrix_viridicoerulea,C6 CHFU,1,0,0,9
8,Ulidiidae,C6 CHFU,2,13,0,9
8,Ulidiidae,E1 CHFU,1,13,0,9
8,Ulidiidae,F1 CHFU,2,13,0,9
8,Ulidiidae,F2 CHFU,1,13,0,9
8,Ulidiidae,F3 CHFU,4,13,0,9
8,Ulidiidae,F4 CHFU,1,13,0,9
9,Psilothrix_viridicoerulea,A1 CHFU,3,10,0,9
9,Psilothrix_viridicoerulea,B1 CHFU,2,10,0,9
9,Psilothrix_viridicoerulea,C1 CHFU,3,10,0,9
9,Psilothrix_viridicoerulea,C2 CHFU,1,10,0,9
9,Psilothrix_viridicoerulea,C3 CHFU,1,10,0,9
9,Andrena_sp,D1 CHFU,1,5,0,9
9,Syrphidae,D2 CHFU,1,1,0,9
9,Psilothrix_viridicoerulea,E1 CHFU,4,10,0,9
9,Psilothrix_viridicoerulea,E2 CHFU,1,10,0,9
9,Andrena_sp,E5 CHFU,10,5,0,9
9,Psilothrix_viridicoerulea,E6 CHFU,1,10,0,9
9,Ulidiidae,F1 CHFU,1,0,0,9
9,Andrena_sp,F2 CHFU,1,5,0,9
9,Andrena_sp,F3 CHFU,1,5,0,9
9,Psilothrix_viridicoerulea,F4 CHFU,1,10,0,9
9,Syrphidae,F4 CHFU,1,1,0,9
9,Andrena_sp,F5 CHFU,2,5,0,9
9,Psilothrix_viridicoerulea,F5 CHFU,1,10,0,9
9,Andrena_sp,F6 CHFU,1,5,0,9
9,Cylindromyia_sp,F6 CHFU,1,0,0,9
9,Psilothrix_viridicoerulea,F6 CHFU,1,10,0,9
1,Ulidiidae,B1 CHFU,2,6,0,11
1,Ulidiidae,B4 CHFU,1,6,0,11
1,Ulidiidae,C1 CHFU,2,6,0,11
1,Ulidiidae,D1 CHFU,2,6,0,11
1,Ulidiidae,E3 CHFU,3,6,0,11
1,Ulidiidae,F3 CHFU,1,6,0,11
1,Ulidiidae,F5 CHFU,1,6,0,11
2,Ulidiidae,A2 CHFU,4,5,0,11
2,Ulidiidae,A5 CHFU,1,5,0,11
2,Ulidiidae,B2 CHFU,2,5,0,11
2,Ulidiidae,B3 CHFU,1,5,0,11
2,Ulidiidae,C1 CHFU,2,5,0,11
2,Ulidiidae,C2 CHFU,1,5,0,11
3,Ulidiidae,B3 CHFU,1,5,0,11
3,Brassicogethes_sp,B6 CHFU,1,0,0,11
3,Ulidiidae,C1 CHFU,1,5,0,11
3,Curculionidae,C3 CHFU,1,0,0,11
3,Ulidiidae,C3 CHFU,1,5,0,11
3,Psilothrix_viridicoerulea,C6 CHFU,1,0,0,11
3,Ulidiidae,D2 CHFU,1,5,0,11
3,Ulidiidae,D4 CHFU,1,5,0,11
3,Dilophus_sp,E4 CHFU,1,1,0,11
3,Ulidiidae,E4 CHFU,2,5,0,11
3,Dilophus_sp,F2 CHFU,1,1,0,11
3,Musca_sp,F2 CHFU,1,1,0,11
3,Musca_sp,F4 CHFU,1,1,0,11
7,Brassicogethes_sp,A3 LEMA,1,4,0,11
7,Psilothrix_viridicoerulea,A4 LEMA,3,2,0,11
7,Oedemeridae,A5 LEMA,1,1,0,11
7,Andrena_humilis,B1 LEMA,3,14,0,11
7,Andrena_humilis,B2 LEMA,2,14,0,11
7,Brassicogethes_sp,B2 LEMA,1,4,0,11
7,Andrena_humilis,B3 LEMA,10,14,0,11
7,Psilothrix_viridicoerulea,B3 LEMA,1,2,0,11
7,Andrena_humilis,B4 LEMA,3,14,0,11
7,Andrena_humilis,B5 LEMA,10,14,0,11
7,Andrena_humilis,B6 LEMA,8,14,0,11
7,Andrena_humilis,C1 LEMA,3,14,0,11
7,Andrena_humilis,C2 LEMA,2,14,0,11
7,Andrena_humilis,C4 LEMA,3,14,0,11
7,Brassicogethes_sp,C6 LEMA,1,4,0,11
7,Oedemeridae,C6 LEMA,1,1,0,11
7,Andrena_humilis,D1 LEMA,8,14,0,11
7,Andrena_humilis,D5 LEMA,3,14,0,11
7,Brassicogethes_sp,D5 LEMA,1,4,0,11
7,Cryptocephalus_sp,D5 LEMA,1,0,0,11
7,Andrena_humilis,E6 LEMA,1,14,0,11
7,Brassicogethes_sp,E6 LEMA,2,4,0,11
7,Andrena_humilis,F2 LEMA,2,14,0,11
7,Andrena_humilis,F3 LEMA,2,14,0,11
7,Andrena_humilis,F4 LEMA,2,14,0,11
7,Psilothrix_viridicoerulea,F4 LEMA,1,2,0,11
8,Andrena_humilis,A5 SCLA,1,1,3,11
8,Psilothrix_viridicoerulea,A6 SCLA,1,1,2,11
8,Brassicogethes_sp,C1 SCLA,1,0,4,11
8,Sarcophaga_sp,C3 CHFU,1,0,0,11
8,Psilothrix_viridicoerulea,C4 CHFU,1,1,2,11
8,Dilophus_sp,C6 CHFU,1,0,0,11
8,Psilothrix_viridicoerulea,C6 CHFU,2,1,2,11
8,Andrena_humilis,C6 SCLA,1,1,3,11
8,Psilothrix_viridicoerulea,C6 SCLA,1,1,2,11
8,Musca_sp,D1 CHFU,1,0,1,11
8,Brassicogethes_sp,D1 LEMA,1,3,1,11
8,Musca_sp,D1 LEMA,1,0,1,11
8,Brassicogethes_sp,D2 LEMA,1,3,1,11
8,Andrena_humilis,D5 LEMA,2,2,2,11
8,Brassicogethes_sp,D5 LEMA,1,3,1,11
8,Brassicogethes_sp,D6 LEMA,3,3,1,11
8,Andrena_humilis,E5 LEMA,2,2,2,11
8,Andrena_humilis,F6 LEMA,1,2,2,11
9,Psilothrix_viridicoerulea,A2 CHFU,1,14,1,11
9,Psilothrix_viridicoerulea,A6 CHFU,3,14,1,11
9,Psilothrix_viridicoerulea,B1 CHFU,3,14,1,11
9,Psilothrix_viridicoerulea,B2 CHFU,1,14,1,11
9,Andrena_humilis,C1 CHFU,1,2,0,11
9,Psilothrix_viridicoerulea,C1 CHFU,3,14,1,11
9,Psilothrix_viridicoerulea,C3 CHFU,1,14,1,11
9,Psilothrix_viridicoerulea,C4 CHFU,1,14,1,11
9,Psilothrix_viridicoerulea,C5 CHFU,1,14,1,11
9,Psilothrix_viridicoerulea,C6 SOAS,1,0,15,11
9,Andrena_humilis,D4 CHFU,2,2,0,11
9,Psilothrix_viridicoerulea,D4 CHFU,2,14,1,11
9,Psilothrix_viridicoerulea,D6 CHFU,3,14,1,11
9,Psilothrix_viridicoerulea,E3 CHFU,3,14,1,11
9,Psilothrix_viridicoerulea,E5 CHFU,1,14,1,11
9,Psilothrix_viridicoerulea,E6 CHFU,3,14,1,11
9,Psilothrix_viridicoerulea,F5 CHFU,1,14,1,11
9,Andrena_humilis,F6 CHFU,1,2,0,11
9,Psilothrix_viridicoerulea,F6 CHFU,2,14,1,11
1,Ulidiidae,F5 CHFU,1,0,0,10
2,Ulidiidae,A3 CHFU,1,4,0,10
2,Ulidiidae,C1 CHFU,1,4,0,10
2,Ulidiidae,C2 CHFU,1,4,0,10
2,Ulidiidae,D4 CHFU,1,4,0,10
2,Ulidiidae,F2 CHFU,1,4,0,10
3,Ulidiidae,A1 CHFU,1,3,0,10
3,Ulidiidae,A4 CHFU,1,3,0,10
3,Ulidiidae,F4 CHFU,1,3,0,10
3,Ulidiidae,F6 CHFU,1,3,0,10
7,Brassicogethes_sp,B2 LEMA,0,0,0,10
7,Andrena_humilis,D1 LEMA,3,0,0,10
7,Ulidiidae,F2 CHFU,1,0,0,10
8,Ulidiidae,A5 CHFU,1,6,0,10
8,Syrphidae,A6 CHFU,1,0,0,10
8,Ulidiidae,B5 CHFU,1,6,0,10
8,Ulidiidae,C2 CHFU,1,6,0,10
8,Ulidiidae,C6 CHFU,1,6,0,10
8,Ulidiidae,D1 CHFU,2,6,0,10
8,Ulidiidae,D5 CHFU,1,6,0,10
8,Ulidiidae,F3 CHFU,1,6,0,10
9,Psilothrix_viridicoerulea,A1 CHFU,1,12,0,10
9,Psilothrix_viridicoerulea,A2 CHFU,2,12,0,10
9,Psilothrix_viridicoerulea,A5 CHFU,1,12,0,10
9,Psilothrix_viridicoerulea,A6 CHFU,3,12,0,10
9,Psilothrix_viridicoerulea,B1 CHFU,1,12,0,10
9,Psilothrix_viridicoerulea,B2 CHFU,1,12,0,10
9,Ulidiidae,B2 CHFU,1,0,0,10
9,Psilothrix_viridicoerulea,B4 CHFU,1,12,0,10
9,Psilothrix_viridicoerulea,B6 CHFU,1,12,0,10
9,Psilothrix_viridicoerulea,C1 CHFU,1,12,0,10
9,Psilothrix_viridicoerulea,C5 CHFU,1,12,0,10
9,Psilothrix_viridicoerulea,D1 CHFU,1,12,0,10
9,Psilothrix_viridicoerulea,D4 CHFU,1,12,0,10
9,Psilothrix_viridicoerulea,E4 CHFU,3,12,0,10
1,Brassicogethes_sp,A1 LEMA,3,30,0,17
1,Phaedon_sp,A1 LEMA,1,0,0,17
1,Brassicogethes_sp,A2 LEMA,9,30,0,17
1,Psilothrix_viridicoerulea,A2 LEMA,1,26,0,17
1,Brassicogethes_sp,A3 LEMA,9,30,0,17
1,Malachius_bipustulatus,A3 LEMA,1,1,0,17
1,Brassicogethes_sp,A4 LEMA,5,30,0,17
1,Psilothrix_viridicoerulea,A4 LEMA,5,26,0,17
1,Brassicogethes_sp,A5 LEMA,11,30,0,17
1,Elateridae,A5 LEMA,2,3,0,17
1,Psilothrix_viridicoerulea,A5 LEMA,1,26,0,17
1,Brassicogethes_sp,A6 LEMA,7,30,0,17
1,Oedemeridae,A6 LEMA,1,0,0,17
1,Psilothrix_viridicoerulea,A6 LEMA,1,26,0,17
1,Brassicogethes_sp,B1 LEMA,6,30,0,17
1,Mordellidae,B1 LEMA,1,0,0,17
1,Brassicogethes_sp,B2 LEMA,8,30,0,17
1,Brassicogethes_sp,B3 LEMA,5,30,0,17
1,Psilothrix_viridicoerulea,B3 LEMA,2,26,0,17
1,Brassicogethes_sp,B4 LEMA,7,30,0,17
1,Empis_sp,B4 LEMA,1,0,1,17
1,Psilothrix_viridicoerulea,B4 LEMA,2,26,0,17
1,Brassicogethes_sp,B5 LEMA,7,30,0,17
1,Psilothrix_viridicoerulea,B5 LEMA,1,26,0,17
1,Brassicogethes_sp,B6 LEMA,5,30,0,17
1,Psilothrix_viridicoerulea,B6 LEMA,1,26,0,17
1,Empis_sp,C1 CHFU,1,0,1,17
1,Brassicogethes_sp,C1 LEMA,6,30,0,17
1,Elateridae,C1 LEMA,1,3,0,17
1,Psilothrix_viridicoerulea,C1 LEMA,1,26,0,17
1,Brassicogethes_sp,C2 LEMA,4,30,0,17
1,Malachius_bipustulatus,C2 LEMA,1,1,0,17
1,Brassicogethes_sp,C3 LEMA,3,30,0,17
1,Psilothrix_viridicoerulea,C4 LEMA,1,26,0,17
1,Musca_sp,C5 LEMA,1,1,0,17
1,Psilothrix_viridicoerulea,C6 LEMA,1,26,0,17
1,Brassicogethes_sp,D1 LEMA,4,30,0,17
1,Psilothrix_viridicoerulea,D1 LEMA,2,26,0,17
1,Brassicogethes_sp,D2 LEMA,5,30,0,17
1,Psilothrix_viridicoerulea,D2 LEMA,2,26,0,17
1,Brassicogethes_sp,D3 LEMA,1,30,0,17
1,Psilothrix_viridicoerulea,D3 LEMA,2,26,0,17
1,Brassicogethes_sp,D4 LEMA,4,30,0,17
1,Psilothrix_viridicoerulea,D4 LEMA,4,26,0,17
1,Brassicogethes_sp,D5 LEMA,1,30,0,17
1,Elateridae,D5 LEMA,1,3,0,17
1,Psilothrix_viridicoerulea,D5 LEMA,3,26,0,17
1,Brassicogethes_sp,D6 LEMA,14,30,0,17
1,Psilothrix_viridicoerulea,D6 LEMA,3,26,0,17
1,Brassicogethes_sp,E1 LEMA,2,30,0,17
1,Brassicogethes_sp,E2 LEMA,2,30,0,17
1,Psilothrix_viridicoerulea,E2 LEMA,2,26,0,17
1,Braconidae,E3 LEMA,1,0,0,17
1,Brassicogethes_sp,E3 LEMA,3,30,0,17
1,Psilothrix_viridicoerulea,E3 LEMA,1,26,0,17
1,Brassicogethes_sp,E4 LEMA,3,30,0,17
1,Psilothrix_viridicoerulea,E5 LEMA,2,26,0,17
1,Brassicogethes_sp,E6 LEMA,4,30,0,17
1,Psilothrix_viridicoerulea,E6 LEMA,1,26,0,17
1,Brassicogethes_sp,F1 LEMA,5,30,0,17
1,Psilothrix_viridicoerulea,F1 LEMA,1,26,0,17
1,Brassicogethes_sp,F2 LEMA,4,30,0,17
1,Psilothrix_viridicoerulea,F2 LEMA,1,26,0,17
1,Brassicogethes_sp,F3 LEMA,3,30,0,17
1,Psilothrix_viridicoerulea,F3 LEMA,1,26,0,17
1,Brassicogethes_sp,F4 LEMA,8,30,0,17
1,Musca_sp,F4 LEMA,6,1,0,17
1,Psilothrix_viridicoerulea,F4 LEMA,1,26,0,17
1,Psilothrix_viridicoerulea,F5 LEMA,4,26,0,17
1,Brassicogethes_sp,F6 LEMA,2,30,0,17
1,Elateridae,F6 LEMA,1,3,0,17
1,Psilothrix_viridicoerulea,F6 LEMA,1,26,0,17
2,Brassicogethes_sp,A1 LEMA,4,33,0,17
2,Brassicogethes_sp,A2 LEMA,3,33,0,17
2,Brassicogethes_sp,A3 LEMA,3,33,0,17
2,Psilothrix_viridicoerulea,A3 LEMA,1,19,0,17
2,Braconidae,A4 BEMA,1,0,1,17
2,Brassicogethes_sp,A4 LEMA,3,33,0,17
2,Braconidae,A5 LEMA,1,0,1,17
2,Brassicogethes_sp,A5 LEMA,2,33,0,17
2,Brassicogethes_sp,A6 LEMA,2,33,0,17
2,Elateridae,A6 LEMA,1,1,0,17
2,Brassicogethes_sp,B1 LEMA,6,33,0,17
2,Brassicogethes_sp,B2 LEMA,4,33,0,17
2,Psilothrix_viridicoerulea,B2 LEMA,1,19,0,17
2,Brassicogethes_sp,B3 LEMA,6,33,0,17
2,Elateridae,B3 LEMA,1,1,0,17
2,Psilothrix_viridicoerulea,B3 LEMA,2,19,0,17
2,Sarcophaga_sp,B3 LEMA,2,2,0,17
2,Brassicogethes_sp,B4 LEMA,11,33,0,17
2,Mordellidae,B4 LEMA,1,1,0,17
2,Psilothrix_viridicoerulea,B4 LEMA,4,19,0,17
2,Brassicogethes_sp,B5 LEMA,8,33,0,17
2,Musca_sp,B5 LEMA,2,6,0,17
2,Oedemeridae,B5 LEMA,1,1,0,17
2,Psilothrix_viridicoerulea,B5 LEMA,4,19,0,17
2,Brassicogethes_sp,B6 LEMA,5,33,0,17
2,Musca_sp,B6 LEMA,1,6,0,17
2,Psilothrix_viridicoerulea,B6 LEMA,1,19,0,17
2,Sarcophaga_sp,B6 LEMA,4,2,0,17
2,Brassicogethes_sp,C2 LEMA,2,33,0,17
2,Psilothrix_viridicoerulea,C2 LEMA,1,19,0,17
2,Brassicogethes_sp,C3 LEMA,1,33,0,17
2,Musca_sp,C3 LEMA,3,6,0,17
2,Psilothrix_viridicoerulea,C3 LEMA,2,19,0,17
2,Brassicogethes_sp,C4 LEMA,3,33,0,17
2,Musca_sp,C4 LEMA,3,6,0,17
2,Psilothrix_viridicoerulea,C4 LEMA,1,19,0,17
2,Brassicogethes_sp,C5 LEMA,5,33,0,17
2,Psilothrix_viridicoerulea,C5 LEMA,1,19,0,17
2,Brassicogethes_sp,C6 LEMA,2,33,0,17
2,Psilothrix_viridicoerulea,C6 LEMA,2,19,0,17
2,Brassicogethes_sp,D1 LEMA,4,33,0,17
2,Psilothrix_viridicoerulea,D1 LEMA,1,19,0,17
2,Brassicogethes_sp,D2 LEMA,4,33,0,17
2,Brassicogethes_sp,D3 LEMA,2,33,0,17
2,Brassicogethes_sp,D4 LEMA,4,33,0,17
2,Brassicogethes_sp,D5 LEMA,2,33,0,17
2,Psilothrix_viridicoerulea,D5 LEMA,1,19,0,17
2,Brassicogethes_sp,D6 LEMA,1,33,0,17
2,Psilothrix_viridicoerulea,D6 LEMA,2,19,0,17
2,Brassicogethes_sp,E1 LEMA,4,33,0,17
2,Mordellidae,E1 LEMA,1,1,0,17
2,Brassicogethes_sp,E2 LEMA,4,33,0,17
2,Musca_sp,E2 LEMA,2,6,0,17
2,Psilothrix_viridicoerulea,E2 LEMA,1,19,0,17
2,Brassicogethes_sp,E3 LEMA,3,33,0,17
2,Brassicogethes_sp,E4 LEMA,6,33,0,17
2,Psilothrix_viridicoerulea,E4 LEMA,2,19,0,17
2,Brassicogethes_sp,E5 LEMA,2,33,0,17
2,Psilothrix_viridicoerulea,E5 LEMA,3,19,0,17
2,Brassicogethes_sp,E6 LEMA,1,33,0,17
2,Brassicogethes_sp,F1 LEMA,4,33,0,17
2,Cryptocephalus_sp,F1 LEMA,1,0,0,17
2,Oedemeridae,F1 LEMA,3,1,0,17
2,Sarcophaga_sp,F1 LEMA,2,2,0,17
2,Brassicogethes_sp,F2 LEMA,2,33,0,17
2,Brassicogethes_sp,F3 LEMA,3,33,0,17
2,Psilothrix_viridicoerulea,F3 LEMA,1,19,0,17
2,Brassicogethes_sp,F4 LEMA,4,33,0,17
2,Cerambycidae,F4 LEMA,1,0,0,17
2,Eristalis_sp,F4 LEMA,1,0,0,17
2,Musca_sp,F4 LEMA,3,6,0,17
2,Psilothrix_viridicoerulea,F4 LEMA,1,19,0,17
2,Brassicogethes_sp,F6 LEMA,1,33,0,17
2,Musca_sp,F6 LEMA,1,6,0,17
2,Psilothrix_viridicoerulea,F6 LEMA,1,19,0,17
3,Brassicogethes_sp,A1 LEMA,3,17,0,17
3,Psilothrix_viridicoerulea,A3 LEMA,3,12,0,17
3,Musca_sp,A4 CHMI,1,1,0,17
3,Brassicogethes_sp,A4 LEMA,4,17,0,17
3,Brassicogethes_sp,A5 LEMA,4,17,0,17
3,Brassicogethes_sp,A6 LEMA,2,17,0,17
3,Psilothrix_viridicoerulea,A6 LEMA,1,12,0,17
3,Psilothrix_viridicoerulea,B3 LEMA,1,12,0,17
3,Brassicogethes_sp,B4 LEMA,1,17,0,17
3,Brassicogethes_sp,B5 LEMA,1,17,0,17
3,Brassicogethes_sp,B6 LEMA,1,17,0,17
3,Psilothrix_viridicoerulea,B6 LEMA,3,12,0,17
3,Calliphoridae,C1 CHMI,5,0,0,17
3,Nemotelus_sp,C1 CHMI,1,1,0,17
3,Musca_sp,C2 CHMI,2,1,0,17
3,Anastoechus_sp,C2 LEMA,2,0,0,17
3,Psilothrix_viridicoerulea,C3 LEMA,1,12,0,17
3,Brassicogethes_sp,C4 LEMA,2,17,0,17
3,Cerambycidae,C4 LEMA,1,0,0,17
3,Elateridae,C4 LEMA,1,1,0,17
3,Psilothrix_viridicoerulea,C4 LEMA,1,12,0,17
3,Sarcophaga_sp,D1 CHFU,1,0,0,17
3,Brassicogethes_sp,D2 LEMA,2,17,0,17
3,Brassicogethes_sp,D3 LEMA,3,17,0,17
3,Psilothrix_viridicoerulea,D5 LEMA,1,12,0,17
3,Brassicogethes_sp,D6 LEMA,1,17,0,17
3,Psilothrix_viridicoerulea,E1 LEMA,3,12,0,17
3,Psilothrix_viridicoerulea,E4 LEMA,3,12,0,17
3,Brassicogethes_sp,E5 LEMA,1,17,0,17
3,Psilothrix_viridicoerulea,E5 LEMA,1,12,0,17
3,Brassicogethes_sp,F1 LEMA,3,17,0,17
3,Brassicogethes_sp,F2 LEMA,1,17,0,17
3,Elateridae,F2 LEMA,1,1,0,17
3,Psilothrix_viridicoerulea,F2 LEMA,2,12,0,17
3,Brassicogethes_sp,F3 LEMA,3,17,0,17
3,Psilothrix_viridicoerulea,F3 LEMA,1,12,0,17
3,Brassicogethes_sp,F4 LEMA,3,17,0,17
3,Brassicogethes_sp,F5 LEMA,1,17,0,17
3,Psilothrix_viridicoerulea,F5 LEMA,1,12,0,17
3,Nemotelus_sp,F6 CHMI,4,1,0,17
3,Brassicogethes_sp,F6 LEMA,1,17,0,17
4,Brassicogethes_sp,B2 LEMA,2,10,0,17
4,Elateridae,B2 LEMA,1,2,0,17
4,Brassicogethes_sp,B5 LEMA,2,10,0,17
4,Psilothrix_viridicoerulea,B5 LEMA,1,9,0,17
4,Brassicogethes_sp,C1 LEMA,3,10,0,17
4,Elateridae,C1 LEMA,1,2,0,17
4,Psilothrix_viridicoerulea,C2 LEMA,3,9,0,17
4,Brassicogethes_sp,C3 LEMA,4,10,0,17
4,Psilothrix_viridicoerulea,C3 LEMA,1,9,0,17
4,Brassicogethes_sp,C4 LEMA,3,10,0,17
4,Psilothrix_viridicoerulea,C4 LEMA,1,9,0,17
4,Brassicogethes_sp,C5 LEMA,1,10,0,17
4,Psilothrix_viridicoerulea,C5 LEMA,1,9,0,17
4,Brassicogethes_sp,D1 LEMA,3,10,0,17
4,Psilothrix_viridicoerulea,D1 LEMA,1,9,0,17
4,Brassicogethes_sp,E1 LEMA,1,10,0,17
4,Oedemeridae,E1 LEMA,2,1,0,17
4,Psilothrix_viridicoerulea,E1 LEMA,2,9,0,17
4,Psilothrix_viridicoerulea,E2 LEMA,1,9,0,17
4,Elateridae,E3 LEMA,1,2,0,17
4,Brassicogethes_sp,E5 LEMA,5,10,0,17
4,Psilothrix_viridicoerulea,E5 LEMA,1,9,0,17
4,Psilothrix_viridicoerulea,F1 LEMA,2,9,0,17
4,Brassicogethes_sp,F2 LEMA,1,10,0,17
4,Oedemeridae,F2 LEMA,1,1,0,17
4,Brassicogethes_sp,F4 LEMA,3,10,0,17
5,Psilothrix_viridicoerulea,A6 LEMA,5,11,0,17
5,Psilothrix_viridicoerulea,B4 LEMA,1,11,0,17
5,Brassicogethes_sp,B5 LEMA,1,11,0,17
5,Musca_sp,B5 LEMA,1,0,0,17
5,Psilothrix_viridicoerulea,B5 LEMA,2,11,0,17
5,Psilothrix_viridicoerulea,B6 LEMA,1,11,0,17
5,Brassicogethes_sp,C2 LEMA,1,11,0,17
5,Brassicogethes_sp,C4 LEMA,2,11,0,17
5,Psilothrix_viridicoerulea,C6 LEMA,1,11,0,17
5,Psilothrix_viridicoerulea,D1 LEMA,1,11,0,17
5,Brassicogethes_sp,D2 LEMA,1,11,0,17
5,Psilothrix_viridicoerulea,D2 LEMA,3,11,0,17
5,Brassicogethes_sp,D5 LEMA,2,11,0,17
5,Brassicogethes_sp,E1 LEMA,4,11,0,17
5,Elateridae,E1 LEMA,1,0,0,17
5,Psilothrix_viridicoerulea,E1 LEMA,2,11,0,17
5,Brassicogethes_sp,F1 LEMA,2,11,0,17
5,Brassicogethes_sp,F2 LEMA,6,11,0,17
5,Psilothrix_viridicoerulea,F2 LEMA,1,11,0,17
5,Brassicogethes_sp,F3 LEMA,3,11,0,17
5,Psilothrix_viridicoerulea,F3 LEMA,1,11,0,17
5,Brassicogethes_sp,F4 LEMA,4,11,0,17
5,Psilothrix_viridicoerulea,F4 LEMA,1,11,0,17
5,Brassicogethes_sp,F5 LEMA,2,11,0,17
5,Brassicogethes_sp,F6 LEMA,2,11,0,17
5,Psilothrix_viridicoerulea,F6 LEMA,1,11,0,17
6,Brassicogethes_sp,A3 LEMA,1,6,0,17
6,Psilothrix_viridicoerulea,A3 LEMA,1,4,0,17
6,Psilothrix_viridicoerulea,A5 LEMA,2,4,0,17
6,Brassicogethes_sp,C2 LEMA,2,6,0,17
6,Psilothrix_viridicoerulea,C2 LEMA,1,4,0,17
6,Psilothrix_viridicoerulea,C3 LEMA,1,4,0,17
6,Brassicogethes_sp,C6 LEMA,2,6,0,17
6,Brassicogethes_sp,E6 LEMA,6,6,0,17
6,Musca_sp,E6 LEMA,1,0,0,17
6,Oedemeridae,E6 LEMA,1,0,0,17
6,Psilothrix_viridicoerulea,E6 LEMA,2,4,0,17
6,Brassicogethes_sp,F4 LEMA,1,6,0,17
6,Brassicogethes_sp,F5 LEMA,1,6,0,17
6,Brassicogethes_sp,F6 LEMA,1,6,0,17
7,Brassicogethes_sp,A2 LEMA,4,16,0,17
7,Psilothrix_viridicoerulea,A5 LEMA,2,6,0,17
7,Brassicogethes_sp,A6 LEMA,1,16,0,17
7,Cryptocephalus_sp,A6 LEMA,1,0,0,17
7,Psilothrix_viridicoerulea,B1 LEMA,1,6,0,17
7,Brassicogethes_sp,B2 LEMA,1,16,0,17
7,Brassicogethes_sp,B4 LEMA,1,16,0,17
7,Brassicogethes_sp,B5 LEMA,3,16,0,17
7,Brassicogethes_sp,C1 LEMA,1,16,0,17
7,Brassicogethes_sp,C3 LEMA,1,16,0,17
7,Psilothrix_viridicoerulea,C4 LEMA,1,6,0,17
7,Brassicogethes_sp,C5 LEMA,1,16,0,17
7,Brassicogethes_sp,C6 LEMA,6,16,0,17
7,Brassicogethes_sp,D1 LEMA,2,16,0,17
7,Brassicogethes_sp,D6 LEMA,4,16,0,17
7,Brassicogethes_sp,E1 LEMA,2,16,0,17
7,Brassicogethes_sp,E4 LEMA,2,16,0,17
7,Psilothrix_viridicoerulea,E4 LEMA,1,6,0,17
7,Episyrphus_balteatus,E6 BEMA,2,0,0,17
7,Brassicogethes_sp,E6 LEMA,4,16,0,17
7,Lasioglossum_sp,F1 SPRU,1,0,0,17
7,Psilothrix_viridicoerulea,F2 LEMA,1,6,0,17
7,Brassicogethes_sp,F3 LEMA,2,16,0,17
7,Psilothrix_viridicoerulea,F3 LEMA,1,6,0,17
7,Brassicogethes_sp,F4 LEMA,1,16,0,17
7,Psilothrix_viridicoerulea,F4 LEMA,1,6,0,17
7,Brassicogethes_sp,F5 LEMA,4,16,0,17
8,Brassicogethes_sp,A5 LEMA,2,15,0,17
8,Brassicogethes_sp,A6 LEMA,1,15,0,17
8,Brassicogethes_sp,B2 LEMA,3,15,0,17
8,Psilothrix_viridicoerulea,B2 LEMA,2,8,0,17
8,Psilothrix_viridicoerulea,B3 LEMA,2,8,0,17
8,Brassicogethes_sp,B4 LEMA,4,15,0,17
8,Brassicogethes_sp,B5 LEMA,2,15,0,17
8,Cryptocephalus_sp,B5 LEMA,1,0,0,17
8,Brassicogethes_sp,B6 LEMA,7,15,0,17
8,Psilothrix_viridicoerulea,B6 LEMA,1,8,0,17
8,Brassicogethes_sp,C1 LEMA,2,15,0,17
8,Brassicogethes_sp,C2 LEMA,1,15,0,17
8,Psilothrix_viridicoerulea,C3 LEMA,1,8,0,17
8,Brassicogethes_sp,C4 LEMA,3,15,0,17
8,Psilothrix_viridicoerulea,C4 LEMA,1,8,0,17
8,Brassicogethes_sp,C5 LEMA,2,15,0,17
8,Brassicogethes_sp,D4 LEMA,2,15,0,17
8,Brassicogethes_sp,E1 LEMA,1,15,0,17
8,Lomatia_sp,E3 BEMA,6,0,2,17
8,Lomatia_sp,E3 LEMA,2,1,1,17
8,Psilothrix_viridicoerulea,E3 LEMA,1,8,0,17
8,Brassicogethes_sp,E4 LEMA,3,15,0,17
8,Lomatia_sp,E4 LEMA,1,1,1,17
8,Psilothrix_viridicoerulea,E5 LEMA,1,8,0,17
8,Ulidiidae,F1 CHFU,1,0,0,17
8,Psilothrix_viridicoerulea,F1 LEMA,2,8,0,17
8,Brassicogethes_sp,F2 LEMA,1,15,0,17
8,Brassicogethes_sp,F3 LEMA,1,15,0,17
8,Brassicogethes_sp,F6 LEMA,4,15,0,17
8,Psilothrix_viridicoerulea,F6 LEMA,1,8,0,17
9,Mordellidae,A2 LEMA,1,3,1,17
9,Brassicogethes_sp,A3 LEMA,2,16,0,17
9,Psilothrix_viridicoerulea,A3 LEMA,1,8,0,17
9,Brassicogethes_sp,A4 LEMA,2,16,0,17
9,Mordellidae,B1 CHFU,1,0,4,17
9,Cryptocephalus_sp,B1 LEMA,1,0,0,17
9,Brassicogethes_sp,B2 LEMA,2,16,0,17
9,Mordellidae,B2 LEMA,1,3,1,17
9,Psilothrix_viridicoerulea,B2 LEMA,1,8,0,17
9,Brassicogethes_sp,B3 LEMA,1,16,0,17
9,Psilothrix_viridicoerulea,B3 LEMA,2,8,0,17
9,Brassicogethes_sp,B4 LEMA,6,16,0,17
9,Mordellidae,B4 LEMA,1,3,1,17
9,Andrena_sp,B5 LEMA,1,0,0,17
9,Brassicogethes_sp,B5 LEMA,2,16,0,17
9,Brassicogethes_sp,C1 LEMA,3,16,0,17
9,Lagorina_sericea,C1 LEMA,1,0,0,17
9,Psilothrix_viridicoerulea,C1 LEMA,1,8,0,17
9,Brassicogethes_sp,C4 LEMA,4,16,0,17
9,Psilothrix_viridicoerulea,C4 LEMA,2,8,0,17
9,Brassicogethes_sp,C5 LEMA,2,16,0,17
9,Psilothrix_viridicoerulea,C5 LEMA,2,8,0,17
9,Psilothrix_viridicoerulea,C6 LEMA,2,8,0,17
9,Brassicogethes_sp,D1 LEMA,1,16,0,17
9,Psilothrix_viridicoerulea,D1 LEMA,1,8,0,17
9,Brassicogethes_sp,D2 LEMA,2,16,0,17
9,Brassicogethes_sp,D3 LEMA,5,16,0,17
9,Brassicogethes_sp,D6 LEMA,1,16,0,17
9,Brassicogethes_sp,E3 LEMA,2,16,0,17
9,Mordellidae,E3 LEMA,1,3,1,17
9,Brassicogethes_sp,E4 LEMA,1,16,0,17
9,Psilothrix_viridicoerulea,E4 LEMA,1,8,0,17
9,Brassicogethes_sp,E6 LEMA,6,16,0,17
9,Brassicogethes_sp,F6 LEMA,2,16,0,17
1,Brassicogethes_sp,A3 LEMA,1,28,0,19
1,Brassicogethes_sp,A4 LEMA,3,28,0,19
1,Brassicogethes_sp,A5 LEMA,4,28,0,19
1,Brassicogethes_sp,A6 LEMA,2,28,0,19
1,Brassicogethes_sp,B1 LEMA,2,28,0,19
1,Psilothrix_viridicoerulea,B1 LEMA,1,2,0,19
1,Brassicogethes_sp,B2 LEMA,2,28,0,19
1,Brassicogethes_sp,B3 LEMA,1,28,0,19
1,Brassicogethes_sp,B4 LEMA,1,28,0,19
1,Brassicogethes_sp,B5 LEMA,1,28,0,19
1,Brassicogethes_sp,B6 LEMA,2,28,0,19
1,Brassicogethes_sp,C2 LEMA,2,28,0,19
1,Brassicogethes_sp,C3 LEMA,3,28,0,19
1,Brassicogethes_sp,C4 LEMA,4,28,0,19
1,Brassicogethes_sp,C5 LEMA,1,28,0,19
1,Brassicogethes_sp,C6 LEMA,2,28,0,19
1,Brassicogethes_sp,D2 LEMA,2,28,0,19
1,Brassicogethes_sp,D3 LEMA,2,28,0,19
1,Brassicogethes_sp,D4 LEMA,2,28,0,19
1,Geometridae,D4 LEMA,1,0,0,19
1,Psilothrix_viridicoerulea,D4 LEMA,1,2,0,19
1,Brassicogethes_sp,D5 LEMA,2,28,0,19
1,Brassicogethes_sp,D6 LEMA,2,28,0,19
1,Brassicogethes_sp,E1 LEMA,1,28,0,19
1,Brassicogethes_sp,E2 LEMA,4,28,0,19
1,Brassicogethes_sp,E3 LEMA,3,28,0,19
1,Brassicogethes_sp,E4 LEMA,2,28,0,19
1,Brassicogethes_sp,E5 LEMA,1,28,0,19
1,Brassicogethes_sp,F1 LEMA,1,28,0,19
1,Brassicogethes_sp,F2 LEMA,4,28,0,19
1,Psilothrix_viridicoerulea,F3 LEMA,1,2,0,19
1,Brassicogethes_sp,F4 LEMA,1,28,0,19
1,Brassicogethes_sp,F5 LEMA,1,28,0,19
2,Braconidae,A3 LEMA,1,0,0,19
2,Brassicogethes_sp,B2 LEMA,2,15,0,19
2,Brassicogethes_sp,B3 LEMA,2,15,0,19
2,Brassicogethes_sp,C2 LEMA,1,15,0,19
2,Brassicogethes_sp,C3 LEMA,2,15,0,19
2,Brassicogethes_sp,D2 LEMA,1,15,0,19
2,Psilothrix_viridicoerulea,D2 LEMA,1,4,0,19
2,Brassicogethes_sp,D3 LEMA,2,15,0,19
2,Brassicogethes_sp,D5 LEMA,1,15,0,19
2,Andrena_sp,D6 LEMA,2,0,0,19
2,Brassicogethes_sp,D6 LEMA,1,15,0,19
2,Brassicogethes_sp,E1 LEMA,2,15,0,19
2,Psilothrix_viridicoerulea,E2 LEMA,1,4,0,19
2,Sphaerophoria_scripta,E2 LEMA,1,1,0,19
2,Brassicogethes_sp,E3 LEMA,2,15,0,19
2,Psilothrix_viridicoerulea,E3 LEMA,1,4,0,19
2,Sphaerophoria_scripta,E3 LEMA,1,1,0,19
2,Brassicogethes_sp,E5 LEMA,1,15,0,19
2,Brassicogethes_sp,E6 LEMA,1,15,0,19
2,Mordellidae,E6 LEMA,1,0,0,19
2,Brassicogethes_sp,F2 LEMA,1,15,0,19
2,Brassicogethes_sp,F3 LEMA,1,15,0,19
2,Brassicogethes_sp,F4 LEMA,1,15,0,19
2,Psilothrix_viridicoerulea,F4 LEMA,1,4,0,19
2,Brassicogethes_sp,F5 LEMA,2,15,0,19
2,Psilothrix_viridicoerulea,F5 LEMA,1,4,0,19
3,Brassicogethes_sp,A1 LEMA,1,12,0,19
3,Psilothrix_viridicoerulea,A1 LEMA,1,17,0,19
3,Brassicogethes_sp,A2 LEMA,2,12,0,19
3,Psilothrix_viridicoerulea,A2 LEMA,2,17,0,19
3,Brassicogethes_sp,A6 LEMA,1,12,0,19
3,Psilothrix_viridicoerulea,A6 LEMA,1,17,0,19
3,Psilothrix_viridicoerulea,B1 LEMA,1,17,0,19
3,Brassicogethes_sp,B2 LEMA,1,12,0,19
3,Psilothrix_viridicoerulea,B2 LEMA,1,17,0,19
3,Brassicogethes_sp,B3 LEMA,1,12,0,19
3,Brassicogethes_sp,B4 LEMA,2,12,0,19
3,Brassicogethes_sp,B5 LEMA,1,12,0,19
3,Malachius_bipustulatus,B5 LEMA,1,2,0,19
3,Psilothrix_viridicoerulea,C1 LEMA,1,17,0,19
3,Psilothrix_viridicoerulea,C2 LEMA,3,17,0,19
3,Brassicogethes_sp,C3 LEMA,1,12,0,19
3,Malachius_bipustulatus,C3 LEMA,1,2,0,19
3,Psilothrix_viridicoerulea,C3 LEMA,3,17,0,19
3,Psilothrix_viridicoerulea,C4 LEMA,1,17,0,19
3,Psilothrix_viridicoerulea,C5 LEMA,1,17,0,19
3,Psilothrix_viridicoerulea,D2 LEMA,1,17,0,19
3,Psilothrix_viridicoerulea,D3 LEMA,1,17,0,19
3,Psilothrix_viridicoerulea,D5 LEMA,1,17,0,19
3,Psilothrix_viridicoerulea,D6 LEMA,1,17,0,19
3,Brassicogethes_sp,E1 LEMA,2,12,0,19
3,Brassicogethes_sp,E2 LEMA,2,12,0,19
3,Malachius_bipustulatus,E2 LEMA,1,2,0,19
3,Psilothrix_viridicoerulea,E2 LEMA,2,17,0,19
3,Brassicogethes_sp,E3 LEMA,1,12,0,19
3,Psilothrix_viridicoerulea,E3 LEMA,1,17,0,19
3,Sphaerophoria_scripta,E6 LEMA,1,1,0,19
3,Psilothrix_viridicoerulea,F1 LEMA,1,17,0,19
3,Psilothrix_viridicoerulea,F2 LEMA,2,17,0,19
3,Brassicogethes_sp,F3 LEMA,1,12,0,19
3,Sphaerophoria_scripta,F4 LEMA,1,1,0,19
3,Brassicogethes_sp,F6 LEMA,3,12,0,19
4,Brassicogethes_sp,A4 LEMA,1,8,0,19
4,Brassicogethes_sp,B1 LEMA,2,8,0,19
4,Brassicogethes_sp,B2 LEMA,1,8,0,19
4,Brassicogethes_sp,C3 LEMA,3,8,0,19
4,Psilothrix_viridicoerulea,C3 LEMA,2,2,0,19
4,Brassicogethes_sp,C5 LEMA,1,8,0,19
4,Brassicogethes_sp,D1 LEMA,1,8,0,19
4,Brassicogethes_sp,D6 LEMA,1,8,0,19
4,Psilothrix_viridicoerulea,E1 LEMA,1,2,0,19
4,Brassicogethes_sp,F2 LEMA,1,8,0,19
4,Lasioglossum_malachurum,F2 LEMA,1,0,0,19
4,Brassicogethes_sp,F3 LEMA,1,8,0,19
4,Psilothrix_viridicoerulea,F3 LEMA,1,2,0,19
5,Brassicogethes_sp,C6 LEMA,1,3,0,19
5,Brassicogethes_sp,F2 LEMA,2,3,0,19
5,Psilothrix_viridicoerulea,F3 LEMA,2,1,0,19
5,Brassicogethes_sp,F4 LEMA,1,3,0,19
5,Psilothrix_viridicoerulea,F4 LEMA,1,1,0,19
5,Brassicogethes_sp,F6 LEMA,3,3,0,19
6,Brassicogethes_sp,A3 LEMA,2,2,0,19
6,Psilothrix_viridicoerulea,A3 LEMA,1,3,0,19
6,Psilothrix_viridicoerulea,B6 LEMA,2,3,0,19
6,Malachius_bipustulatus,C6 LEMA,1,0,0,19
6,Brassicogethes_sp,D6 LEMA,1,2,0,19
6,Psilothrix_viridicoerulea,D6 LEMA,1,3,0,19
6,Brassicogethes_sp,E6 LEMA,1,2,0,19
6,Psilothrix_viridicoerulea,E6 LEMA,1,3,0,19
7,Braconidae,A1 LEMA,1,0,0,19
7,Psilothrix_viridicoerulea,A1 LEMA,1,7,0,19
7,Psilothrix_viridicoerulea,B1 LEMA,1,7,0,19
7,Malachius_bipustulatus,B2 LEMA,1,0,0,19
7,Musca_sp,B2 MESU,1,0,1,19
7,Psilothrix_viridicoerulea,B4 LEMA,1,7,0,19
7,Psilothrix_viridicoerulea,C1 LEMA,1,7,0,19
7,Sphaerophoria_scripta,C1 MESU,1,0,8,19
7,Musca_sp,C2 BEMA,1,0,1,19
7,Sphaerophoria_scripta,C2 BEMA,1,0,8,19
7,Brassicogethes_sp,C2 LEMA,1,2,0,19
7,Lasioglossum_malachurum,C4 CETE,1,0,3,19
7,Brassicogethes_sp,C4 LEMA,2,2,0,19
7,Lasioglossum_malachurum,C4 LEMA,1,2,1,19
7,Sphaerophoria_scripta,C4 LEMA,1,6,2,19
7,Sphaerophoria_scripta,D1 LEMA,1,6,2,19
7,Lasioglossum_malachurum,D6 LEMA,1,2,1,19
7,Nemotelus_sp,D6 LEMA,1,0,0,19
7,Sphaerophoria_scripta,D6 LEMA,4,6,2,19
7,Brassicogethes_sp,E2 LEMA,3,2,0,19
7,Psilothrix_viridicoerulea,E2 LEMA,3,7,0,19
7,Sphaerophoria_scripta,E2 LEMA,1,6,2,19
7,Sphaerophoria_scripta,E4 LEMA,1,6,2,19
7,Lasioglossum_malachurum,E5 LEMA,1,2,1,19
7,Psilothrix_viridicoerulea,E5 LEMA,1,7,0,19
7,Sphaerophoria_scripta,E6 LEMA,1,6,2,19
7,Psilothrix_viridicoerulea,F1 LEMA,1,7,0,19
7,Sphaerophoria_scripta,F4 LEMA,1,6,2,19
7,Psilothrix_viridicoerulea,F5 LEMA,2,7,0,19
8,Brassicogethes_sp,A1 LEMA,1,3,0,19
8,Psilothrix_viridicoerulea,C1 LEMA,1,4,0,19
8,Psilothrix_viridicoerulea,C5 LEMA,1,4,0,19
8,Brassicogethes_sp,C6 LEMA,1,3,0,19
8,Sphaerophoria_scripta,D1 LEMA,1,2,1,19
8,Brassicogethes_sp,D6 LEMA,2,3,0,19
8,Psilothrix_viridicoerulea,D6 LEMA,1,4,0,19
8,Sphaerophoria_scripta,D6 LEMA,1,2,1,19
8,Psilothrix_viridicoerulea,E1 LEMA,1,4,0,19
8,Brassicogethes_sp,F2 LEMA,1,3,0,19
8,Malachius_bipustulatus,F4 LEMA,1,1,0,19
8,Sphaerophoria_scripta,F5 BEMA,1,0,3,19
8,Lasioglossum_malachurum,F5 LEMA,1,0,0,19
8,Malachius_bipustulatus,F5 LEMA,1,1,0,19
8,Sphaerophoria_scripta,F5 LEMA,2,2,1,19
8,Psilothrix_viridicoerulea,F6 LEMA,1,4,0,19
9,Brassicogethes_sp,A1 LEMA,2,13,1,19
9,Brassicogethes_sp,A5 LEMA,1,13,1,19
9,Mordellidae,B1 LEMA,4,0,1,19
9,Oedemeridae,B3 LEMA,1,0,0,19
9,Brassicogethes_sp,B4 LEMA,2,13,1,19
9,Brassicogethes_sp,C1 LEMA,4,13,1,19
9,Brassicogethes_sp,C2 LEMA,4,13,1,19
9,Brassicogethes_sp,C3 LEMA,4,13,1,19
9,Brassicogethes_sp,C3 SCLA,1,0,14,19
9,Brassicogethes_sp,C5 LEMA,2,13,1,19
9,Brassicogethes_sp,C6 LEMA,3,13,1,19
9,Brassicogethes_sp,D1 LEMA,1,13,1,19
9,Sphaerophoria_scripta,D1 LEMA,1,2,0,19
9,Mordellidae,D1 SOAS,1,0,1,19
9,Psilothrix_viridicoerulea,D1 SOAS,1,0,1,19
9,Brassicogethes_sp,D2 LEMA,2,13,1,19
9,Brassicogethes_sp,E1 LEMA,1,13,1,19
9,Psilothrix_viridicoerulea,E1 LEMA,1,0,1,19
9,Brassicogethes_sp,E5 LEMA,3,13,1,19
9,Brassicogethes_sp,E6 LEMA,2,13,1,19
9,Lasioglossum_malachurum,E6 LEMA,1,0,0,19
9,Sphaerophoria_scripta,E6 LEMA,1,2,0,19
9,Brassicogethes_sp,F6 LEMA,1,13,1,19
9,Sphaerophoria_scripta,F6 LEMA,1,2,0,19
1,Brassicogethes_sp,B3 LEMA,2,7,0,21
1,Brassicogethes_sp,B4 LEMA,1,7,0,21
1,Psilothrix_viridicoerulea,B4 LEMA,1,1,0,21
1,Brassicogethes_sp,B6 LEMA,1,7,0,21
1,Brassicogethes_sp,C2 LEMA,1,7,0,21
1,Sphaerophoria_scripta,C6 LEMA,1,0,0,21
1,Brassicogethes_sp,D4 LEMA,1,7,0,21
1,Brassicogethes_sp,D5 LEMA,2,7,0,21
1,Psilothrix_viridicoerulea,D5 LEMA,1,1,0,21
1,Brassicogethes_sp,E2 LEMA,2,7,0,21
1,Episyrphus_balteatus,E2 LEMA,7,1,0,21
1,Cylindromyia_sp,F2 LEMA,1,0,0,21
1,Brassicogethes_sp,F3 LEMA,1,7,0,21
1,Episyrphus_balteatus,F3 LEMA,2,1,0,21
1,Braconidae,F4 LEMA,2,0,0,21
2,Braconidae,A2 LEMA,1,0,0,21
2,Brassicogethes_sp,A2 LEMA,3,5,0,21
2,Brassicogethes_sp,A3 LEMA,1,5,0,21
2,Anastoechus_sp,A6 LEMA,3,0,0,21
2,Brassicogethes_sp,B2 LEMA,1,5,0,21
2,Dilophus_sp,C4 LEMA,1,0,0,21
2,Brassicogethes_sp,E1 LEMA,1,5,0,21
2,Brassicogethes_sp,E2 LEMA,1,5,0,21
2,Osmia_ligurica,F2 LEMA,4,0,0,21
2,Brassicogethes_sp,F4 LEMA,1,5,0,21
3,Brassicogethes_sp,B6 LEMA,1,3,0,21
3,Cassida_sp,C2 LEMA,1,0,0,21
3,Brassicogethes_sp,C4 LEMA,1,3,0,21
3,Geometridae,E1 LEMA,1,0,0,21
3,Anastoechus_sp,E3 LEMA,1,0,0,21
3,Brassicogethes_sp,E6 LEMA,1,3,0,21
3,Brassicogethes_sp,F3 LEMA,3,3,0,21
4,Brassicogethes_sp,A6 LEMA,1,0,0,21
5,Brassicogethes_sp,F3 LEMA,1,1,0,21
5,Brassicogethes_sp,F6 LEMA,1,1,0,21
5,Psilothrix_viridicoerulea,F6 LEMA,1,0,0,21
7,Sphaerophoria_scripta,A2 SPRU,1,0,1,21
7,Brassicogethes_sp,A3 LEMA,1,1,0,21
7,Brassicogethes_sp,A4 LEMA,2,1,0,21
7,Lagorina_sericea,D4 LEMA,2,0,0,21
7,Sphaerophoria_scripta,D4 LEMA,1,0,1,21
8,Lasioglossum_malachurum,B4 MESU,1,0,0,21
8,Andrena_sp,B5 PUPA,1,0,1,21
8,Brassicogethes_sp,B5 PUPA,1,0,0,21
8,Cylindromyia_sp,C1 MESU,1,0,0,21
8,Andrena_sp,C4 LEMA,2,0,1,21
8,Anastoechus_sp,E5 LEMA,3,0,0,21
8,Osmia_ligurica,F5 MESU,1,1,0,21
8,Episyrphus_balteatus,F6 LEMA,2,0,1,21
8,Lasiocampa_trifolii,F6 LEMA,3,0,0,21
8,Episyrphus_balteatus,F6 MESU,1,0,1,21
8,Osmia_ligurica,F6 MESU,9,1,0,21
9,Brassicogethes_sp,B1 LEMA,1,7,0,21
9,Mordellidae,B1 LEMA,2,0,0,21
9,Sphaerophoria_scripta,B1 LEMA,2,2,0,21
9,Brassicogethes_sp,B2 LEMA,1,7,0,21
9,Oedemeridae,B3 LEMA,2,1,0,21
9,Sphaerophoria_scripta,B3 LEMA,2,2,0,21
9,Calliphoridae,B6 PUPA,1,0,0,21
9,Brassicogethes_sp,D1 LEMA,1,7,0,21
9,Sphaerophoria_scripta,D2 LEMA,1,2,0,21
9,Brassicogethes_sp,D3 LEMA,1,7,0,21
9,Euchloe_crameri,D3 LEMA,1,0,0,21
9,Brassicogethes_sp,D4 LEMA,1,7,0,21
9,Brassicogethes_sp,D5 LEMA,1,7,0,21
9,Brassicogethes_sp,D6 LEMA,1,7,0,21
9,Cylindromyia_sp,E2 LEMA,3,0,0,21
9,Lasiocampa_trifolii,E4 PUPA,2,0,0,21
9,Oedemeridae,F1 LEMA,1,1,0,21
9,Brassicogethes_sp,F6 LEMA,1,7,0,21
1,Andrena_sp,B6 LEMA,1,1,0,22
1,Brassicogethes_sp,D6 LEMA,2,1,0,22
1,Andrena_sp,E2 LEMA,4,1,0,22
1,Anastoechus_sp,E3 LEMA,2,1,0,22
1,Anastoechus_sp,E5 LEMA,3,1,0,22
1,Brassicogethes_sp,E6 LEMA,1,1,0,22
1,Psilothrix_viridicoerulea,F4 LEMA,1,0,0,22
2,Anastoechus_sp,A2 LEMA,1,3,4,22
2,Anastoechus_sp,B1 CETE,1,1,6,22
2,Anastoechus_sp,B1 LEMA,1,3,4,22
2,Anastoechus_sp,B1 PUPA,2,1,6,22
2,Anastoechus_sp,B2 LEMA,5,3,4,22
2,Andrena_sp,C5 LEMA,2,1,3,22
2,Andrena_sp,C5 PUPA,2,1,3,22
2,Andrena_sp,C6 CETE,1,0,4,22
2,Andrena_sp,C6 LEMA,1,1,3,22
2,Anastoechus_sp,C6 PUPA,2,1,6,22
2,Andrena_sp,C6 PUPA,2,1,3,22
2,Lasioglossum_malachurum,D2 CETE,2,1,3,22
2,Lasioglossum_malachurum,D2 LEMA,1,2,2,22
2,Lasioglossum_malachurum,D5 LEMA,1,2,2,22
2,Brassicogethes_sp,E2 LEMA,1,0,0,22
2,Lasioglossum_malachurum,E4 CETE,2,1,3,22
2,Anastoechus_sp,E5 CETE,2,1,6,22
2,Lasioglossum_malachurum,E5 LEMA,1,2,2,22
2,Ulidiidae,F1 LEMA,1,1,0,22
2,Anastoechus_sp,F2 LEMA,1,3,4,22
2,Ulidiidae,F2 LEMA,1,1,0,22
3,Andrena_sp,A4 LEMA,2,1,2,22
3,Andrena_sp,A4 PUPA,2,0,3,22
3,Andrena_sp,B5 CETE,2,0,3,22
3,Andrena_sp,B5 LEMA,1,1,2,22
3,Lasioglossum_malachurum,D2 LEMA,1,0,1,22
3,Lasioglossum_malachurum,D5 PUPA,6,0,1,22
3,Anastoechus_sp,E2 LEMA,1,2,2,22
3,Anastoechus_sp,E2 PUPA,1,1,3,22
3,Anastoechus_sp,F5 LEMA,2,2,2,22
3,Anastoechus_sp,F6 LEMA,3,2,2,22
3,Anastoechus_sp,F6 PUPA,3,1,3,22
7,Anastoechus_sp,E1 LEMA,1,0,0,22
7,Cylindromyia_sp,E1 LEMA,1,0,0,22
8,Andrena_sp,B4 PUPA,1,0,0,22
8,Anthicidae,D1 LEMA,8,0,0,22
8,Brassicogethes_sp,F6 LEMA,1,0,0,22
9,Anastoechus_sp,B1 LEMA,1,0,1,22
9,Anastoechus_sp,C3 BEMA,2,0,1,22
1,Psilothrix_viridicoerulea,E1 LEMA,1,0,0,23
1,Anastoechus_sp,F3 LEMA,1,0,0,23
2,Bombilus_major,A3 CETE,1,1,1,23
2,Bombilus_major,B2 CETE,1,1,1,23
2,Psilothrix_viridicoerulea,D6 LEMA,1,0,0,23
2,Bombilus_major,E6 PUPA,1,0,2,23
3,Bombilus_major,D5 LEMA,2,0,0,23
4,Brassicogethes_sp,A1 LEMA,1,0,0,23
4,Lasioglossum_sp,D2 LEMA,2,0,0,23
4,Ulidiidae,D3 LEMA,1,0,0,23
5,Lasioglossum_sp,D2 LEMA,2,0,0,23
5,Ulidiidae,F1 LEMA,1,1,0,23
5,Ulidiidae,F6 LEMA,1,1,0,23
8,Vanessa_cardui,D4 PUPA,2,0,0,23
8,Anthicidae,D5 PUPA,1,0,0,23
8,Lasioglossum_sp,F5 PUPA,6,0,0,23
9,Melyridae,B4 CHMI,1,0,0,23
9,Diptera,E2 SCLA,1,0,0,23
1,Bombilus_major,A2 CETE,1,0,0,24
1,Lasioglossum_malachurum,D6 PUPA,1,1,2,24
1,Lasioglossum_malachurum,F5 LEMA,1,1,2,24
1,Lasioglossum_malachurum,F6 LEMA,3,1,2,24
1,Lasioglossum_malachurum,F6 PUPA,1,1,2,24
2,Bombilus_major,A5 CETE,2,0,2,24
2,Bombilus_major,A6 PUPA,2,1,1,24
2,Lasioglossum_malachurum,C2 LEMA,1,0,0,24
2,Lasioglossum_immunitum,C2 PUPA,2,0,0,24
2,Bombilus_major,C6 PUPA,1,1,1,24
3,Lasioglossum_malachurum,A3 PUPA,1,7,7,24
3,Sarcophaga_sp,A5 LEMA,3,0,0,24
3,Bombilus_major,B1 PUPA,1,0,0,24
3,Lasioglossum_malachurum,B4 PUPA,2,7,7,24
3,Lasioglossum_malachurum,B5 LEMA,2,6,8,24
3,Lasioglossum_malachurum,B5 PUPA,3,7,7,24
3,Lasioglossum_malachurum,C3 LEMA,3,6,8,24
3,Lasioglossum_malachurum,C3 PUPA,2,7,7,24
3,Lasioglossum_malachurum,D6 LEMA,2,6,8,24
3,Lasioglossum_malachurum,E1 LEMA,2,6,8,24
3,Lasioglossum_malachurum,E1 PUPA,1,7,7,24
3,Lasioglossum_malachurum,E2 LEMA,1,6,8,24
3,Lasioglossum_malachurum,F1 LEMA,1,6,8,24
3,Lasioglossum_malachurum,F1 PUPA,1,7,7,24
3,Lasioglossum_malachurum,F3 LEMA,2,6,8,24
3,Lasioglossum_malachurum,F4 PUPA,2,7,7,24
3,Lasioglossum_malachurum,F6 PUPA,1,7,7,24
4,Lasioglossum_malachurum,A2 LEMA,3,1,0,24
4,Lasioglossum_malachurum,A6 LEMA,2,1,0,24
4,Anthicidae,B3 LEMA,1,0,0,24
4,Cryptocephalus_sp,C3 LEMA,1,0,0,24
4,Lasioglossum_immunitum,D1 LEMA,1,1,0,24
4,Lasioglossum_immunitum,D2 LEMA,1,1,0,24
6,Lasioglossum_malachurum,C6 LEMA,4,0,1,24
6,Lasioglossum_malachurum,C6 PUPA,2,0,1,24
8,Sarcophaga_sp,B2 PUPA,5,3,0,24
8,Sarcophaga_sp,B6 PUPA,1,3,0,24
8,Sarcophaga_sp,D6 PUPA,3,3,0,24
8,Sarcophaga_sp,E5 PUPA,1,3,0,24
8,Psilothrix_viridicoerulea,F6 PUPA,1,0,0,24
9,Lasioglossum_malachurum,D5 LEMA,1,0,3,24
9,Lasioglossum_malachurum,D5 PUPA,1,2,1,24
9,Lasioglossum_malachurum,D6 PUPA,1,2,1,24
9,Lasioglossum_malachurum,E1 PUPA,1,2,1,24
9,Eristalis_sp,E6 CETE,1,0,0,24
1,Lasioglossum_malachurum,A3 CETE,1,0,3,25
1,Lasioglossum_malachurum,C2 PUPA,1,1,2,25
1,Lasioglossum_malachurum,F6 LEMA,2,0,3,25
1,Lasioglossum_malachurum,F6 PUPA,2,1,2,25
2,Lasioglossum_malachurum,A2 PUPA,1,2,1,25
2,Lasioglossum_malachurum,A5 PUPA,2,2,1,25
2,Lasioglossum_malachurum,C6 PUPA,2,2,1,25
2,Lasioglossum_malachurum,E2 CETE,2,0,3,25
2,Bombilus_major,F3 CETE,1,0,0,25
3,Lasioglossum_malachurum,A3 CETE,2,0,2,25
3,Pieris_brassicae,B1 PUPA,1,2,0,25
3,Lasioglossum_malachurum,D4 PUPA,2,1,1,25
3,Pieris_brassicae,E1 PUPA,1,2,0,25
3,Pieris_brassicae,E2 PUPA,1,2,0,25
3,Lasioglossum_malachurum,F1 PUPA,2,1,1,25
4,Lasioglossum_malachurum,A4 PUPA,1,0,0,25
5,Lasioglossum_malachurum,A6 PUPA,2,0,0,25
5,Brassicogethes_sp,C4 LEMA,1,0,0,25
5,Cylindromyia_sp,C5 LEMA,1,0,0,25
6,Lasioglossum_malachurum,C6 PUPA,1,2,0,25
6,Lasioglossum_malachurum,E5 PUPA,3,2,0,25
6,Lasioglossum_malachurum,F3 PUPA,1,2,0,25
8,Musca_sp,A2 PUPA,1,0,0,25
8,Cylindromyia_sp,D2 LEMA,1,0,0,25
8,Lasioglossum_malachurum,D2 PUPA,1,4,0,25
8,Lasioglossum_malachurum,E1 PUPA,1,4,0,25
8,Lasioglossum_malachurum,E2 PUPA,2,4,0,25
8,Lasioglossum_malachurum,E3 PUPA,3,4,0,25
8,Lasioglossum_malachurum,F1 PUPA,2,4,0,25
9,Lasioglossum_malachurum,D6 PUPA,5,0,0,25
