Day,Month,Year,Plot,Subplot,G_F,ID,Plant_Simple,Visits,num.plantas,Fruit,Seed
8,2,2019,3,A6,Hoverflies,Scaeva_sp.,CHFU,3,4,1,76
8,2,2019,3,D3,Hoverflies,Scaeva_sp.,CHFU,2,1,0,0
8,2,2019,3,F2,Hoverflies,Scaeva_sp.,CHFU,1,5,2,152
8,2,2019,5,A3,Hoverflies,Sphaerophoria_sp.,CHFU,2,16,3,228
8,2,2019,5,C3,Hoverflies,Episyrphus_balteatus,CHFU,2,4,5,380
8,2,2019,5,C4,Small_flies,Dilophus_sp.,CHFU,1,2,1,76
8,2,2019,5,F5,Small_flies,Dilophus_sp.,CHFU,1,6,5,380
8,2,2019,5,F6,Hoverflies,Scaeva_sp.,CHFU,3,1,0,0
8,2,2019,5,F6,Hoverflies,Scaeva_sp.,CHFU,1,1,0,0
8,2,2019,5,F6,Flies,Diptera,CHFU,1,1,0,0
8,2,2019,7,D6,Small_flies,Dilophus_sp.,RAPE,1,41,0,0
8,2,2019,7,E3,Hoverflies,Syrphidae,RAPE,1,25,0,0
8,2,2019,8,A3,Hoverflies,Scaeva_sp.,CHFU,1,28,15,1140
8,2,2019,8,A6,Hoverflies,Scaeva_sp.,CHFU,1,61,10,760
8,2,2019,9,A6,Small_flies,Dilophus_sp.,CHFU,1,19,4,304
8,2,2019,9,B1,Flies,Diptera,CHFU,1,61,2,152
8,2,2019,9,B1,Small_flies,Dilophus_sp.,CHFU,1,61,2,152
8,2,2019,8,B3,Hoverflies,Scaeva_sp.,CHFU,1,22,10,760
8,2,2019,9,C1,Hoverflies,Episyrphus_sp.,CHFU,1,51,1,76
8,2,2019,9,C3,Hoverflies,Episyrphus_sp.,CHFU,1,35,2,152
8,2,2019,9,C6,Small_flies,Dilophus_sp.,CHFU,1,9,1,76
8,2,2019,9,C6,Hoverflies,Scaeva_sp.,CHFU,1,9,1,76
8,2,2019,8,D1,Hoverflies,Episyrphus_sp.,CHFU,3,1,7,532
8,2,2019,9,D4,Hoverflies,Syrphidae,CHFU,1,111,4,304
15,2,2019,1,A2,Small_flies,Dilophus_sp.,CHFU,1,1,1,76
15,2,2019,1,B2,Hoverflies,Sphaerophoria_scripta,CHFU,1,3,2,152
15,2,2019,2,A3,Small_flies,Dilophus_sp.,CHFU,1,7,2,152
15,2,2019,3,C3,Hoverflies,Syrphidae,CHFU,1,4,1,76
15,2,2019,4,A5,Hoverflies,Eupeodes_corollae,CHFU,1,5,5,380
15,2,2019,4,C5,Hoverflies,Syrphidae,RAPE,1,1,0,0
15,2,2019,5,A3,Small_flies,Dilophus_sp.,CHFU,1,16,3,228
15,2,2019,5,A5,Small_flies,Dilophus_sp.,CHFU,1,5,2,152
15,2,2019,5,B2,Small_flies,Dilophus_sp.,CHFU,1,17,11,836
15,2,2019,6,A2,Small_beetles,Bruchidae,CHFU,1,14,3,228
15,2,2019,6,A3,Hoverflies,Chrysotoxum_sp.,RAPE,1,1,0,0
15,2,2019,7,B5,Small_flies,Dilophus_sp.,CHFU,1,32,9,684
15,2,2019,7,C2,Small_flies,Dilophus_sp.,CHFU,1,2,5,380
15,2,2019,7,C5,Small_flies,Dilophus_sp.,CHFU,1,4,4,304
15,2,2019,7,E2,Small_flies,Dilophus_sp.,CHFU,1,2,3,228
15,2,2019,8,A4,Small_flies,Diptera,CHFU,1,51,7,532
15,2,2019,8,D6,Hoverflies,Eupeodes_corollae,CHFU,1,35,5,380
15,2,2019,9,D3,Hoverflies,Sphaerophoria_scripta,CHFU,1,81,3,228
15,2,2019,9,E4,Small_flies,Diptera,CHFU,1,61,3,228
21,2,2019,1,A2,Flies,Diptera,CHFU,2,1,1,76
21,2,2019,1,E5,Flies,Diptera,CHFU,1,17,9,684
21,2,2019,5,D2,Small_flies,Diptera,CHFU,2,9,15,1140
21,2,2019,5,E1,Flies,Diptera,CHFU,1,26,9,684
21,2,2019,5,D1,Flies,Diptera,CHFU,1,22,6,456
21,2,2019,6,A6,Small_flies,Dilophus_sp.,CHFU,1,21,2,152
21,2,2019,6,E5,Hoverflies,Eupeodes_corollae,ME,1,1,0,0
21,2,2019,6,F2,Bees,Hymenoptera,CHFU,1,35,6,456
21,2,2019,8,B5,Flies,Diptera,CHFU,1,31,3,228
21,2,2019,8,D5,Flies,Diptera,CHFU,1,41,3,228
21,2,2019,8,A2,Flies,Diptera,CHFU,1,12,10,760
21,2,2019,9,A2,Hoverflies,Sphaerophoria_scripta,CHFU,1,21,5,380
21,2,2019,9,A4,Small_flies,Dilophus_sp.,CHFU,1,3,2,152
21,2,2019,9,C3,Hoverflies,Eupeodes_corollae,CHFU,1,35,2,152
21,2,2019,9,C5,Hoverflies,Eupeodes_corollae,CHFU,1,31,3,228
21,2,2019,9,E3,Hoverflies,Syrphidae,LEMA,1,1,0,0
21,2,2019,9,E4,Hoverflies,Syrphidae,CHFU,1,61,3,228
21,2,2019,9,E5,Bees,Andrena_sp.,CHFU,1,21,2,152
27,2,2019,1,C5,Small_flies,Dilophus_sp.,CHFU,1,4,2,152
27,2,2019,1,C5,Small_flies,Dilophus_sp.,CHFU,1,4,2,152
27,2,2019,2,B1,Small_flies,Dilophus_sp.,CHFU,1,3,2,152
27,2,2019,2,F3,Bees,Apoidea,LEMA,1,35,4,256
27,2,2019,3,D2,Small_beetles,Bruchidae,CHFU,1,3,1,76
27,2,2019,3,E2,Small_flies,Dilophus_sp.,CHFU,1,1,1,76
27,2,2019,4,A2,Bees,Apoidea,CHFU,1,21,5,380
27,2,2019,4,A6,Hoverflies,Eupeodes_corollae,CHFU,1,3,3,228
27,2,2019,4,C2,Bees,Apoidea,LEMA,1,35,7,448
27,2,2019,4,E4,Hoverflies,Syrphidae,LEMA,1,18,3,192
27,2,2019,4,E4,Small_beetles,Meligethes_sp.,LEMA,1,18,3,192
27,2,2019,4,F1,Bees,Apoidea,LEMA,1,16,14,896
27,2,2019,5,A1,Small_beetles,Meligethes_sp.,LEMA,1,4,2,128
27,2,2019,5,B2,Hoverflies,Syrphidae,CHFU,1,17,11,836
27,2,2019,5,D5,Small_flies,Dilophus_sp.,CHFU,1,6,4,304
27,2,2019,5,E1,Small_beetles,Meligethes_sp.,CHFU,1,26,9,684
27,2,2019,6,A3,Small_beetles,Bruchidae,CHFU,1,12,3,228
27,2,2019,6,B3,Hoverflies,Lomatia_sp.,CHFU,2,7,3,228
27,2,2019,6,B4,Hoverflies,Chrysotoxum_sp.,LEMA,1,6,2,128
27,2,2019,7,A5,Small_flies,Dilophus_sp.,CHFU,1,3,6,456
27,2,2019,7,A5,House_flies,Muscidae,CHFU,1,3,6,456
27,2,2019,7,B2,Small_flies,Dilophus_sp.,CHFU,1,2,8,608
27,2,2019,7,B6,Small_flies,Dilophus_sp.,CHFU,1,31,6,456
27,2,2019,7,C2,Bees,Andrena_sp.,CHFU,1,2,5,380
27,2,2019,7,C2,Bees,Andrena_sp.,CHFU,1,2,5,380
27,2,2019,7,C3,Small_flies,Dilophus_sp.,CHFU,1,1,14,1064
27,2,2019,7,E5,Bees,Andrena_sp.,RAPE,1,21,0,0
27,2,2019,7,E5,Bees,Andrena_sp.,RAPE,1,21,0,0
27,2,2019,7,F1,Small_flies,Dilophus_sp.,CHFU,1,1,0,0
27,2,2019,7,F6,Hoverflies,Syrphidae,RAPE,1,12,0,0
27,2,2019,8,B1,Small_flies,Dilophus_sp.,CHFU,1,5,7,532
27,2,2019,8,B4,Hoverflies,Syrphidae,RAPE,1,16,0,0
27,2,2019,8,C2,Hoverflies,Lomatia_sp.,CHFU,1,19,8,608
27,2,2019,8,D2,Small_beetles,Bruchidae,CHFU,1,6,5,380
27,2,2019,8,D2,Hoverflies,Lomatia_sp.,CHFU,1,6,5,380
27,2,2019,8,E5,Small_flies,Dilophus_sp.,CHFU,1,41,6,456
27,2,2019,9,A2,Small_flies,Dilophus_sp.,CHFU,1,21,5,380
27,2,2019,9,A3,Small_flies,Dilophus_sp.,CHFU,1,6,2,152
27,2,2019,9,B2,Small_flies,Dilophus_sp.,CHFU,1,35,2,152
27,2,2019,9,B3,Small_beetles,Bruchidae,CHFU,1,25,2,152
27,2,2019,9,D2,Hoverflies,Lomatia_sp.,CHFU,1,35,2,152
27,2,2019,9,D4,Small_flies,Dilophus_sp.,CHFU,2,111,4,304
27,2,2019,9,E3,Small_flies,Dilophus_sp.,CHFU,1,71,3,228
27,2,2019,9,E4,House_flies,Diptera,CHFU,1,61,3,228
27,2,2019,9,F4,Small_flies,Dilophus_sp.,CHFU,3,21,4,304
27,2,2019,9,F5,Small_flies,Dilophus_sp.,CHFU,2,51,3,228
27,2,2019,9,F6,Small_flies,Dilophus_sp.,CHFU,5,71,6,456
11,3,2019,1,A3,Small_flies,Empididae,CHFU,1,7,2,152
11,3,2019,1,B1,Hoverflies,Syrphidae,CHFU,1,3,2,152
11,3,2019,1,B2,Small_flies,Empididae,ME,1,1,0,0
11,3,2019,1,B2,Small_flies,Empididae,CHFU,2,3,2,152
11,3,2019,1,C4,Small_flies,Dilophus_sp.,CHFU,1,3,1,76
11,3,2019,2,A4,Small_flies,Dilophus_sp.,CHFU,2,6,4,304
11,3,2019,2,E4,Halictidae,Halictidae,ME,1,91,120,120
11,3,2019,4,A2,Small_flies,Empididae,CHFU,1,21,5,380
11,3,2019,4,A2,Small_flies,Empididae,CHFU,1,21,5,380
11,3,2019,4,B1,Small_flies,Empididae,CHFU,1,2,1,76
11,3,2019,4,B1,Flower_beetles,Psilothrix_viridicoerulea,CHFU,1,2,1,76
11,3,2019,4,B1,Flower_beetles,Psilothrix_viridicoerulea,CHFU,1,2,1,76
11,3,2019,4,B2,Small_flies,Empididae,CHFU,1,11,7,532
11,3,2019,4,B5,Small_flies,Dilophus_sp.,CHFU,1,5,7,532
11,3,2019,4,B5,Flower_beetles,Psilothrix_viridicoerulea,CHFU,2,5,7,532
11,3,2019,4,B6,Small_flies,Dilophus_sp.,CHFU,1,5,5,380
11,3,2019,4,B6,Small_flies,Empididae,CHFU,1,5,5,380
11,3,2019,4,C2,Small_flies,Empididae,CHFU,1,5,5,380
11,3,2019,4,D6,Small_flies,Empididae,CHFU,1,5,5,380
11,3,2019,4,E5,Small_flies,Empididae,CHFU,1,2,9,684
11,3,2019,4,F5,Small_flies,Empididae,CHFU,1,4,2,152
11,3,2019,4,F5,Small_flies,Empididae,CHFU,1,4,2,152
11,3,2019,4,F5,Small_flies,Dilophus_sp.,CHFU,1,4,2,152
11,3,2019,4,F4,Flower_beetles,Psilothrix_viridicoerulea,CHFU,1,7,3,228
11,3,2019,5,A1,Small_flies,Dilophus_sp.,CHFU,1,12,9,684
11,3,2019,5,A3,Small_flies,Dilophus_sp.,CHFU,1,16,3,228
11,3,2019,5,A4,Small_flies,Dilophus_sp.,CHFU,2,11,11,836
11,3,2019,5,A5,Small_flies,Dilophus_sp.,CHFU,1,5,2,152
11,3,2019,5,B1,Small_flies,Dilophus_sp.,CHFU,1,22,8,608
11,3,2019,5,B3,Hoverflies,Syrphidae,CHFU,1,11,3,228
11,3,2019,6,A2,Small_flies,Dilophus_sp.,CHFU,1,14,3,228
11,3,2019,6,A3,Small_beetles,Meligethes_sp.,CHFU,1,12,3,228
11,3,2019,6,A3,Small_flies,Dilophus_sp.,CHFU,1,12,3,228
11,3,2019,6,A4,Small_flies,Dilophus_sp.,LEMA,1,3,1,64
11,3,2019,6,A5,Flower_beetles,Cantharidae,CHFU,1,14,3,228
11,3,2019,6,B1,Small_flies,Dilophus_sp.,LEMA,1,2,3,192
11,3,2019,6,B3,Small_flies,Dilophus_sp.,LEMA,1,2,1,64
11,3,2019,6,D2,Bees,Apoidea,LEMA,1,4,2,128
11,3,2019,6,D3,Bees,Apis_mellifera,LEMA,1,6,3,192
11,3,2019,6,E3,Bees,Apoidea,CHFU,1,19,3,228
11,3,2019,6,F5,Small_beetles,Meligethes_sp.,LEMA,1,11,6,384
11,3,2019,7,A1,Small_flies,Dilophus_sp.,CHFU,1,1,6,456
11,3,2019,7,A5,Small_flies,Dilophus_sp.,CHFU,1,3,6,456
11,3,2019,7,A5,Small_flies,Dilophus_sp.,CHFU,5,3,6,456
11,3,2019,7,B1,Small_flies,Dilophus_sp.,CHFU,1,1,15,1140
11,3,2019,7,B2,Hoverflies,Syrphidae,CHFU,1,2,8,608
11,3,2019,7,B2,Small_flies,Dilophus_sp.,CHFU,2,2,8,608
11,3,2019,7,B3,Small_flies,Dilophus_sp.,CHFU,2,1,0,0
11,3,2019,7,B4,Small_flies,Dilophus_sp.,CHFU,1,16,12,912
11,3,2019,7,B5,Small_flies,Dilophus_sp.,CHFU,1,32,9,684
11,3,2019,7,B6,Small_flies,Dilophus_sp.,CHFU,3,31,6,456
11,3,2019,7,B6,Small_flies,Empididae,CHFU,1,31,6,456
11,3,2019,7,C3,Small_flies,Empididae,CHFU,1,1,14,1064
11,3,2019,7,C3,Small_flies,Dilophus_sp.,CHFU,1,1,14,1064
11,3,2019,7,C4,Small_flies,Dilophus_sp.,RAPE,1,71,0,0
11,3,2019,7,C5,Small_flies,Dilophus_sp.,Lysimachia_arvensis,1,NA,0,0
11,3,2019,7,C6,Small_flies,Dilophus_sp.,CHFU,3,18,9,684
11,3,2019,7,D1,Small_flies,Dilophus_sp.,CHFU,1,1,8,608
11,3,2019,7,D1,Small_flies,Empididae,CHFU,1,1,8,608
11,3,2019,7,D2,Small_flies,Dilophus_sp.,CHFU,1,11,0,0
11,3,2019,7,D3,Small_flies,Dilophus_sp.,CHFU,1,4,7,532
11,3,2019,7,D4,Small_flies,Dilophus_sp.,CHFU,1,6,10,760
11,3,2019,7,D4,Small_flies,Dilophus_sp.,RAPE,1,41,0,0
11,3,2019,7,D6,Small_flies,Dilophus_sp.,CHFU,3,4,8,608
11,3,2019,7,D5,Small_flies,Dilophus_sp.,CHFU,1,6,12,912
11,3,2019,7,E2,Small_flies,Dilophus_sp.,CHFU,1,2,3,228
11,3,2019,7,E3,Small_flies,Dilophus_sp.,CHFU,2,7,5,380
11,3,2019,7,E5,Small_flies,Dilophus_sp.,CHFU,1,14,9,684
11,3,2019,7,E4,Small_flies,Dilophus_sp.,CHFU,2,11,7,532
11,3,2019,7,F1,Small_flies,Dilophus_sp.,CHFU,1,1,0,0
11,3,2019,7,F2,Small_flies,Dilophus_sp.,CHFU,2,1,0,0
11,3,2019,7,F2,Small_flies,Empididae,CHFU,1,1,0,0
11,3,2019,7,F3,Small_flies,Dilophus_sp.,CHFU,1,2,15,1140
11,3,2019,7,F4,Small_flies,Dilophus_sp.,CHFU,3,11,8,608
11,3,2019,7,F5,Small_flies,Dilophus_sp.,CHFU,1,14,13,988
11,3,2019,8,A5,Small_flies,Dilophus_sp.,CHFU,2,71,7,532
11,3,2019,8,A6,Small_flies,Dilophus_sp.,CHFU,1,61,10,760
11,3,2019,8,B2,Hoverflies,Eupeodes_corollae,CHFU,1,16,8,608
11,3,2019,8,B3,Small_flies,Dilophus_sp.,LEMA,1,3,3,192
11,3,2019,8,B4,Small_flies,Dilophus_sp.,CHFU,1,25,11,836
11,3,2019,8,B5,Small_flies,Empididae,CHFU,2,31,3,228
11,3,2019,8,B5,Hoverflies,Eupeodes_corollae,CHFU,1,31,3,228
11,3,2019,8,B6,Small_flies,Empididae,CHFU,1,26,4,304
11,3,2019,8,C3,Small_flies,Dilophus_sp.,CHFU,1,24,7,532
11,3,2019,8,C4,Small_flies,Dilophus_sp.,CHFU,1,35,8,608
11,3,2019,8,C6,Small_flies,Dilophus_sp.,CHFU,1,45,8,608
11,3,2019,8,D2,Small_flies,Dilophus_sp.,CHFU,1,6,5,380
11,3,2019,8,D3,Small_flies,Empididae,CHFU,1,31,5,380
11,3,2019,8,D5,Small_flies,Empididae,CHFU,1,41,3,228
11,3,2019,8,E2,Hoverflies,Syrphidae,CHFU,1,19,11,836
11,3,2019,8,E3,Small_flies,Dilophus_sp.,CHFU,1,24,7,532
11,3,2019,8,E4,Small_flies,Dilophus_sp.,CHFU,1,41,7,532
11,3,2019,8,E5,House_flies,Musca_sp.,CHFU,1,41,6,456
11,3,2019,8,F3,Small_flies,Empididae,CHFU,1,31,8,608
11,3,2019,8,F4,Small_flies,Dilophus_sp.,CHFU,1,22,11,836
11,3,2019,8,F6,Small_flies,Dilophus_sp.,CHFU,2,35,9,684
11,3,2019,9,A5,Small_flies,Dilophus_sp.,LEMA,2,1,0,0
11,3,2019,9,F6,Small_beetles,Meligethes_sp.,LEMA,2,1,0,0
11,3,2019,9,C5,Small_beetles,Meligethes_sp.,LEMA,1,2,1,64
11,3,2019,9,C4,Hoverflies,Sphaerophoria_scripta,LEMA,1,4,1,64
11,3,2019,9,C4,Flower_beetles,Psilothrix_viridicoerulea,LEMA,1,4,1,64
11,3,2019,9,D4,Small_flies,Dilophus_sp.,CHFU,2,111,4,304
11,3,2019,9,E4,Bees,Apis_mellifera,LEMA,1,1,2,128
11,3,2019,9,C3,Small_flies,Dilophus_sp.,LEMA,2,1,2,128
11,3,2019,9,E3,Flower_beetles,Melyridae,CHFU,1,71,3,228
11,3,2019,9,A2,Small_flies,Dilophus_sp.,CHFU,2,21,5,380
11,3,2019,9,D2,Flower_beetles,Psilothrix_viridicoerulea,LEMA,2,1,0,0
11,3,2019,9,E1,Small_flies,Dilophus_sp.,CHFU,4,31,2,152
11,3,2019,9,F1,Small_flies,Dilophus_sp.,LEMA,2,1,0,0
11,3,2019,9,F1,Small_flies,Dilophus_sp.,CHFU,4,16,2,152
18,3,2019,1,A1,Small_flies,Dilophus_sp.,LEMA,1,12,3,192
18,3,2019,1,B2,Hoverflies,Sphaerophoria_sp.,LEMA,1,31,2,128
18,3,2019,1,B2,Flower_beetles,Psilothrix_viridicoerulea,LEMA,1,31,2,128
18,3,2019,1,C4,Bees,Apoidea,LEMA,2,25,2,128
18,3,2019,1,C2,Small_flies,Dilophus_sp.,LEMA,1,25,2,128
18,3,2019,1,C5,Small_flies,Dilophus_sp.,LEMA,1,15,1,64
18,3,2019,1,D2,Flower_beetles,Psilothrix_viridicoerulea,LEMA,1,35,3,192
18,3,2019,1,D3,Small_flies,Dilophus_sp.,LEMA,1,51,2,128
18,3,2019,1,D5,Small_flies,Dilophus_sp.,LEMA,1,15,2,128
18,3,2019,1,D5,Flower_beetles,Anthaxia_semicuprea,LEMA,1,15,2,128
18,3,2019,1,E2,Flower_beetles,Psilothrix_viridicoerulea,LEMA,1,41,4,256
18,3,2019,1,E3,Flower_beetles,Psilothrix_viridicoerulea,LEMA,1,31,3,192
18,3,2019,1,E4,Flower_beetles,Psilothrix_viridicoerulea,LEMA,1,31,4,256
18,3,2019,1,E4,Flower_beetles,Psilothrix_viridicoerulea,LEMA,1,31,4,256
18,3,2019,1,E4,Flower_beetles,Psilothrix_viridicoerulea,LEMA,1,31,4,256
18,3,2019,1,F2,Small_flies,Dilophus_sp.,LEMA,1,21,2,128
18,3,2019,1,F3,Hoverflies,Scaeva_sp.,LEMA,1,25,2,128
18,3,2019,1,F4,Flower_beetles,Mordellidae,LEMA,1,31,3,192
18,3,2019,1,F3,Small_flies,Dilophus_sp.,LEMA,1,25,2,128
18,3,2019,1,E2,Small_flies,Dilophus_sp.,LEMA,1,41,4,256
18,3,2019,1,F1,Hoverflies,Sphaerophoria_sp.,LEMA,1,15,2,128
18,3,2019,1,F1,Hoverflies,Sphaerophoria_sp.,LEMA,1,15,2,128
18,3,2019,1,F1,Hoverflies,Scaeva_sp.,LEMA,1,15,2,128
18,3,2019,1,F1,Small_flies,Dilophus_sp.,LEMA,1,15,2,128
18,3,2019,2,A4,Small_flies,nemotelus_sp.,LEMA,2,41,3,192
18,3,2019,2,B2,Small_beetles,Meligethes_sp.,LEMA,1,25,2,128
18,3,2019,2,B4,Flower_beetles,Psilothrix_viridicoerulea,LEMA,1,31,3,192
18,3,2019,2,B4,Flower_beetles,Melyridae,LEMA,1,31,3,192
18,3,2019,2,B5,House_flies,Calliphoridae,ME,2,2,0,0
18,3,2019,2,C1,Hoverflies,Eupeodes_corollae,LEMA,1,11,5,320
18,3,2019,2,C3,Small_flies,Nemotelus_sp.,LEMA,1,21,6,384
18,3,2019,2,C5,Hoverflies,Eupeodes_corollae,LEMA,1,31,8,512
18,3,2019,2,D3,House_flies,Calliphoridae,ME,2,21,120,120
18,3,2019,2,D4,Small_flies,Nemotelus_sp.,LEMA,2,4,2,128
18,3,2019,2,D5,Hoverflies,Eupeodes_corollae,LEMA,1,15,3,192
18,3,2019,2,D6,Small_flies,Nemotelus_sp.,LEMA,1,25,6,384
18,3,2019,2,E4,Flower_beetles,Psilothrix_viridicoerulea,LEMA,2,21,2,128
18,3,2019,2,E4,Bees,Apoidea,LEMA,1,21,2,128
18,3,2019,2,E4,Flower_beetles,Cantharidae,ME,1,91,120,120
18,3,2019,2,E5,Small_flies,Nemotelus_sp.,LEMA,1,11,2,128
18,3,2019,2,E6,Bees,Apoidea,LEMA,1,25,6,384
18,3,2019,2,F2,Flower_beetles,Melyridae,LEMA,1,11,2,128
18,3,2019,2,F3,Small_flies,Nemotelus_sp.,LEMA,1,35,4,256
18,3,2019,2,F4,Flower_beetles,Psilothrix_viridicoerulea,LEMA,1,31,6,384
18,3,2019,3,B1,Hoverflies,Sphaerophoria_sp.,LEMA,1,6,2,128
18,3,2019,3,B3,Hoverflies,Scaeva_sp.,LEMA,1,11,1,64
18,3,2019,3,C3,Bees,Apoidea,LEMA,1,5,1,64
18,3,2019,3,C4,Hoverflies,Scaeva_sp.,LEMA,1,9,1,64
18,3,2019,3,D2,Hoverflies,Scaeva_sp.,LEMA,1,2,1,64
18,3,2019,3,D2,Small_flies,Dilophus_sp.,LEMA,1,2,1,64
18,3,2019,3,D2,Flower_beetles,Psilothrix_viridicoerulea,LEMA,1,2,1,64
18,3,2019,3,D2,Small_flies,Dilophus_sp.,LEMA,1,2,1,64
18,3,2019,3,D3,Flower_beetles,Psilothrix_viridicoerulea,LEMA,1,8,1,64
18,3,2019,3,D3,Hoverflies,Scaeva_sp.,LEMA,1,8,1,64
18,3,2019,3,D3,Small_flies,Dilophus_sp.,LEMA,1,8,1,64
18,3,2019,3,D5,Flower_beetles,Psilothrix_viridicoerulea,LEMA,1,15,1,64
18,3,2019,3,D5,Flower_beetles,Psilothrix_viridicoerulea,LEMA,1,15,1,64
18,3,2019,3,D5,Small_flies,Dilophus_sp.,LEMA,1,15,1,64
18,3,2019,3,D6,Hoverflies,Scaeva_sp.,LEMA,1,25,1,64
18,3,2019,3,D6,Hoverflies,Chrysotoxum_sp.,LEMA,1,25,1,64
18,3,2019,3,D6,Hoverflies,Scaeva_sp.,LEMA,1,25,1,64
18,3,2019,3,E1,Flower_beetles,Psilothrix_viridicoerulea,LEMA,1,3,1,64
18,3,2019,3,E2,Flower_beetles,Psilothrix_viridicoerulea,LEMA,1,17,1,64
18,3,2019,3,E4,Small_flies,Dilophus_sp.,LEMA,1,21,2,128
18,3,2019,3,F1,Hoverflies,Sphaerophoria_sp.,LEMA,1,12,2,128
18,3,2019,3,F5,Small_flies,Dilophus_sp.,LEMA,1,41,2,128
18,3,2019,3,F5,Flower_beetles,Psilothrix_viridicoerulea,LEMA,1,41,2,128
18,3,2019,4,A1,Flower_beetles,Psilothrix_viridicoerulea,LEMA,1,4,2,128
18,3,2019,4,A2,Small_beetles,Meligethes_sp.,LEMA,1,21,3,192
18,3,2019,4,B2,Small_flies,Dilophus_sp.,LEMA,1,19,7,448
18,3,2019,4,B4,Bees,Apoidea,LEMA,1,23,9,576
18,3,2019,4,C1,Small_flies,Dilophus_sp.,LEMA,1,12,3,192
18,3,2019,4,C2,Flower_beetles,Psilothrix_viridicoerulea,LEMA,1,35,7,448
18,3,2019,4,C3,Flower_beetles,Psilothrix_viridicoerulea,LEMA,1,22,7,448
18,3,2019,4,C4,Bees,Apoidea,LEMA,1,18,2,128
18,3,2019,4,C4,Small_beetles,Meligethes_sp.,LEMA,1,18,2,128
18,3,2019,4,C6,Small_flies,Dilophus_sp.,LEMA,1,6,3,192
18,3,2019,4,D2,Flower_beetles,Psilothrix_viridicoerulea,LEMA,1,3,1,64
18,3,2019,4,E1,Small_beetles,Meligethes_sp.,LEMA,1,31,5,320
18,3,2019,6,A1,Small_flies,Dilophus_sp.,LEMA,2,1,0,0
18,3,2019,6,A1,Flower_beetles,Psilothrix_viridicoerulea,LEMA,1,1,0,0
18,3,2019,6,A3,Small_flies,Dilophus_sp.,LEMA,1,11,1,64
18,3,2019,6,A6,Small_flies,Dilophus_sp.,LEMA,1,11,2,128
18,3,2019,6,B1,Small_beetles,Meligethes_sp.,LEMA,1,2,3,192
18,3,2019,6,B3,Hoverflies,Eristalis_sp.,LEMA,4,2,1,64
18,3,2019,6,B3,Flower_beetles,Psilothrix_viridicoerulea,LEMA,1,2,1,64
18,3,2019,6,B3,Small_flies,Dilophus_sp.,LEMA,1,2,1,64
18,3,2019,6,B4,Small_flies,Dilophus_sp.,LEMA,1,6,2,128
18,3,2019,6,B4,Small_flies,Dilophus_sp.,LEMA,1,6,2,128
18,3,2019,6,B4,Hoverflies,Eupeodes_sp.,LEMA,1,6,2,128
18,3,2019,6,B4,Hoverflies,Sphaerophoria_sp.,LEMA,1,6,2,128
18,3,2019,6,B4,Small_beetles,Meligethes_sp.,LEMA,1,6,2,128
18,3,2019,6,B5,Small_flies,Dilophus_sp.,LEMA,1,5,2,128
18,3,2019,6,C1,Small_flies,Dilophus_sp.,LEMA,1,7,5,320
18,3,2019,6,C1,Flower_beetles,Cantharidae,LEMA,1,7,5,320
18,3,2019,6,C1,Small_flies,Dilophus_sp.,LEMA,1,7,5,320
18,3,2019,6,C4,Small_flies,Dilophus_sp.,LEMA,1,2,3,192
18,3,2019,6,C4,Small_flies,Dilophus_sp.,LEMA,1,2,3,192
18,3,2019,6,C6,Hoverflies,Sphaerophoria_sp.,LEMA,1,9,5,320
18,3,2019,6,D1,Small_flies,Dilophus_sp.,LEMA,1,4,3,192
18,3,2019,6,D1,Small_flies,Dilophus_sp.,LEMA,1,4,3,192
18,3,2019,6,D3,Flower_beetles,Psilothrix_viridicoerulea,LEMA,1,6,3,192
18,3,2019,6,D3,Small_beetles,Meligethes_sp.,LEMA,1,6,3,192
18,3,2019,6,D4,Small_flies,Dilophus_sp.,LEMA,1,14,4,256
18,3,2019,6,D5,Small_flies,Dilophus_sp.,LEMA,1,1,1,64
18,3,2019,6,E1,Small_beetles,Meligethes_sp.,LEMA,2,1,1,64
18,3,2019,6,E2,Hoverflies,Sphaerophoria_sp.,LEMA,1,5,4,256
18,3,2019,6,F3,Small_flies,Dilophus_sp.,LEMA,1,7,5,320
18,3,2019,6,F4,Small_flies,Dilophus_sp.,LEMA,1,8,2,128
18,3,2019,7,A5,Hoverflies,Odontomyia_sp.,ME,2,1,250,250
18,3,2019,7,A6,Small_flies,Dilophus_sp.,LEMA,1,31,10,640
18,3,2019,7,B3,Hoverflies,Diptera,ME,1,1,0,0
18,3,2019,7,B5,Hoverflies,Diptera,ME,1,3,80,80
18,3,2019,7,B6,Small_flies,Dilophus_sp.,CHFU,1,31,6,456
18,3,2019,7,C1,Small_flies,Dilophus_sp.,LEMA,1,21,7,448
18,3,2019,7,C1,Small_flies,Dilophus_sp.,LEMA,1,21,7,448
18,3,2019,7,C2,Small_flies,Dilophus_sp.,CHFU,1,2,5,380
18,3,2019,7,C4,Hoverflies,Odontomyia_sp.,LEMA,1,31,7,448
18,3,2019,7,C6,Hoverflies,Syrphidae,LEMA,1,11,5,320
18,3,2019,7,D2,House_flies,Muscidae,CHFU,1,11,0,0
18,3,2019,7,D2,Small_flies,Dilophus_sp.,ME,1,1,0,0
18,3,2019,7,D2,Small_flies,Dilophus_sp.,CHFU,1,11,0,0
18,3,2019,7,D2,Small_flies,Dilophus_sp.,LEMA,1,2,2,128
18,3,2019,7,D4,Hoverflies,Melanostoma_sp.,LEMA,1,11,5,320
18,3,2019,7,D5,Hoverflies,Odontomyia_sp.,LEMA,1,11,6,384
18,3,2019,7,D5,Hoverflies,Odontomyia_sp.,LEMA,1,11,6,384
18,3,2019,7,D5,Hoverflies,Melanostoma_sp.,LEMA,1,11,6,384
18,3,2019,7,E1,Flower_beetles,Psilothrix_viridicoerulea,LEMA,1,1,0,0
18,3,2019,7,E1,Flower_beetles,Psilothrix_viridicoerulea,LEMA,1,1,0,0
18,3,2019,7,E1,Small_flies,Dilophus_sp.,CHFU,1,1,1,76
18,3,2019,7,E2,Flower_beetles,Psilothrix_viridicoerulea,LEMA,1,1,5,320
18,3,2019,7,E2,Small_flies,Dilophus_sp.,CHFU,1,2,3,228
18,3,2019,7,E2,Flower_beetles,Psilothrix_viridicoerulea,LEMA,1,1,5,320
18,3,2019,7,E6,Hoverflies,Odontomyia_sp.,LEMA,4,11,7,448
18,3,2019,7,E6,Hoverflies,Odontomyia_sp.,LEMA,1,11,7,448
18,3,2019,7,E6,Hoverflies,Odontomyia_sp.,CHFU,1,6,2,152
18,3,2019,7,E6,Hoverflies,Odontomyia_sp.,LEMA,1,11,7,448
18,3,2019,7,F2,Hoverflies,Scaeva_sp.,CHFU,1,1,0,0
18,3,2019,7,F2,Small_flies,Dilophus_sp.,LEMA,1,1,3,192
18,3,2019,8,C2,Small_beetles,Meligethes_sp.,LEMA,1,5,6,384
18,3,2019,8,C3,Bees,Apoidea,CHFU,1,24,7,532
18,3,2019,8,C3,Hoverflies,Odontomyia_sp.,CHFU,1,24,7,532
18,3,2019,8,C4,Small_flies,Dilophus_sp.,LEMA,1,4,5,320
18,3,2019,8,C4,Small_flies,Dilophus_sp.,LEMA,1,4,5,320
18,3,2019,8,D1,Flower_beetles,Psilothrix_viridicoerulea,LEMA,1,5,5,320
18,3,2019,8,D1,Small_flies,Dilophus_sp.,LEMA,2,5,5,320
18,3,2019,8,D2,Hoverflies,Odontomyia_sp.,LEMA,1,9,8,512
18,3,2019,8,D5,Small_flies,Dilophus_sp.,CHFU,1,41,3,228
18,3,2019,8,D5,House_flies,Calliphoridae,CHFU,1,41,3,228
18,3,2019,8,E2,Flower_beetles,Cantharidae,ME,1,1,250,250
18,3,2019,8,E4,Small_flies,Dilophus_sp.,CHFU,1,41,7,532
18,3,2019,8,E4,Bees,Apoidea,CHFU,1,41,7,532
18,3,2019,8,E6,Bees,Apoidea,ME,1,1,0,0
18,3,2019,9,B5,Flower_beetles,Psilothrix_viridicoerulea,LEMA,1,2,1,64
18,3,2019,9,C4,Flower_beetles,Psilothrix_viridicoerulea,LEMA,1,4,1,64
18,3,2019,9,C4,Flower_beetles,Psilothrix_viridicoerulea,LEMA,1,4,1,64
18,3,2019,9,C5,Flower_beetles,Lagorina_sericea,LEMA,1,2,1,64
18,3,2019,9,C5,Hoverflies,Melanostoma_sp.,LEMA,1,2,1,64
18,3,2019,9,D2,Hoverflies,Sphaerophoria_scripta,LEMA,1,1,0,0
18,3,2019,9,D2,Flower_beetles,Psilothrix_viridicoerulea,LEMA,1,1,0,0
18,3,2019,9,D3,Flower_beetles,Psilothrix_viridicoerulea,LEMA,1,1,0,0
18,3,2019,9,D3,Flower_beetles,Psilothrix_viridicoerulea,LEMA,2,1,0,0
18,3,2019,9,E2,Small_beetles,Meligethes_sp.,LEMA,1,1,1,64
18,3,2019,9,E2,Hoverflies,Sphaerophoria_scripta,LEMA,1,1,1,64
18,3,2019,9,F1,Small_flies,Dilophus_sp.,CHFU,1,16,2,152
18,3,2019,9,F5,Small_beetles,Meligethes_sp.,LEMA,1,1,0,0
18,3,2019,9,F5,Flower_beetles,Psilothrix_viridicoerulea,LEMA,1,1,0,0
18,3,2019,9,F6,Flower_beetles,Psilothrix_viridicoerulea,LEMA,1,1,0,0
25,3,2019,1,A1,Flower_beetles,Psilothrix_viridicoerulea,LEMA,1,12,3,192
25,3,2019,1,A1,Flower_beetles,Psilothrix_viridicoerulea,LEMA,1,12,3,192
25,3,2019,1,A1,Flower_beetles,Psilothrix_viridicoerulea,LEMA,1,12,3,192
25,3,2019,1,A2,Flower_beetles,Psilothrix_viridicoerulea,LEMA,1,21,2,128
25,3,2019,1,A2,Flower_beetles,Psilothrix_viridicoerulea,LEMA,1,21,2,128
25,3,2019,1,A2,Small_flies,Odontomyia_sp.,LEMA,1,21,2,128
25,3,2019,1,A2,Flower_beetles,Psilothrix_viridicoerulea,LEMA,1,21,2,128
25,3,2019,1,A3,Flower_beetles,Psilothrix_viridicoerulea,LEMA,1,25,2,128
25,3,2019,1,A3,Flower_beetles,Buprestidae,LEMA,1,25,2,128
25,3,2019,1,A4,Flower_beetles,Psilothrix_viridicoerulea,LEMA,1,15,2,128
25,3,2019,1,A4,Flower_beetles,Psilothrix_viridicoerulea,LEMA,1,15,2,128
25,3,2019,1,A5,Small_flies,Dilophus_sp.,LEMA,1,31,4,256
25,3,2019,1,A6,Small_flies,Odontomyia_sp.,LEMA,1,6,2,128
25,3,2019,1,A6,Flower_beetles,Buprestidae,LEMA,1,6,2,128
25,3,2019,1,A6,Flower_beetles,Psilothrix_viridicoerulea,LEMA,1,6,2,128
25,3,2019,1,B2,Small_flies,Odontomyia_sp.,LEMA,1,31,2,128
25,3,2019,1,B2,Flower_beetles,Psilothrix_viridicoerulea,LEMA,1,31,2,128
25,3,2019,1,C1,Flower_beetles,Psilothrix_viridicoerulea,LEMA,1,12,2,128
25,3,2019,1,C3,Flower_beetles,Psilothrix_viridicoerulea,LEMA,1,11,2,128
25,3,2019,1,C3,Small_flies,Odontomyia_sp.,LEMA,1,11,2,128
25,3,2019,1,C4,Flower_beetles,Melyridae,LEMA,1,25,2,128
25,3,2019,1,C4,Flower_beetles,Melyridae,LEMA,1,25,2,128
25,3,2019,1,D1,Flower_beetles,Melyridae,LEMA,1,25,3,192
25,3,2019,1,D1,Flower_beetles,Melyridae,LEMA,1,25,3,192
25,3,2019,1,D3,Flower_beetles,Chrysomelidae,LEMA,1,51,2,128
25,3,2019,1,D3,Small_flies,Dilophus_sp.,LEMA,1,51,2,128
25,3,2019,1,D3,Flower_beetles,Psilothrix_viridicoerulea,LEMA,1,51,2,128
25,3,2019,1,D3,Flower_beetles,Psilothrix_viridicoerulea,LEMA,1,51,2,128
25,3,2019,1,D3,Flower_beetles,Psilothrix_viridicoerulea,LEMA,1,51,2,128
25,3,2019,1,D3,Flower_beetles,Mordellidae,LEMA,1,51,2,128
25,3,2019,1,D4,Flower_beetles,Mordellidae,LEMA,1,41,3,192
25,3,2019,1,D5,Hoverflies,Odontomyia_sp.,LEMA,1,15,2,128
25,3,2019,1,D5,Flower_beetles,Psilothrix_viridicoerulea,LEMA,1,15,2,128
25,3,2019,1,D5,Flower_beetles,Mordellidae,LEMA,1,15,2,128
25,3,2019,1,E1,Flower_beetles,Psilothrix_viridicoerulea,LEMA,1,31,3,192
25,3,2019,1,E1,Flower_beetles,Psilothrix_viridicoerulea,LEMA,1,31,3,192
25,3,2019,1,E1,Flower_beetles,Psilothrix_viridicoerulea,LEMA,1,31,3,192
25,3,2019,1,E3,Hoverflies,Eupeodes_sp.,LEMA,1,31,3,192
25,3,2019,1,E3,Hoverflies,Odontomyia_sp.,LEMA,1,31,3,192
25,3,2019,1,E3,Flower_beetles,Psilothrix_viridicoerulea,LEMA,1,31,3,192
25,3,2019,1,E3,Flower_beetles,Psilothrix_viridicoerulea,LEMA,1,31,3,192
25,3,2019,1,E4,Flower_beetles,Psilothrix_viridicoerulea,LEMA,1,31,4,256
25,3,2019,1,F5,Flower_beetles,Psilothrix_viridicoerulea,LEMA,1,35,4,256
25,3,2019,2,A1,Flower_beetles,Psilothrix_viridicoerulea,LEMA,1,31,2,128
25,3,2019,2,A1,Small_flies,Nemotelus_sp.,LEMA,1,31,2,128
25,3,2019,2,A3,Flower_beetles,Psilothrix_viridicoerulea,LEMA,1,12,1,64
25,3,2019,2,A5,Hoverflies,Episyrphus_balteatus,LEMA,1,51,3,192
25,3,2019,2,A5,Hoverflies,Eupeodes_corollae,ME,1,3,90,90
25,3,2019,2,B1,Flower_beetles,Psilothrix_viridicoerulea,LEMA,1,11,3,192
25,3,2019,2,C3,Flower_beetles,Psilothrix_viridicoerulea,LEMA,1,21,6,384
25,3,2019,2,C5,Flower_beetles,Psilothrix_viridicoerulea,LEMA,1,31,8,512
25,3,2019,2,C6,Flower_beetles,Psilothrix_viridicoerulea,LEMA,1,25,6,384
25,3,2019,2,C6,Small_beetles,Meligethes_sp.,LEMA,1,25,6,384
25,3,2019,2,D1,Hoverflies,Syrphidae,LEMA,1,21,6,384
25,3,2019,2,D2,Bees,Apoidea,ME,1,9,75,75
25,3,2019,2,D6,Hoverflies,Syrphidae,LEMA,1,25,6,384
25,3,2019,2,E2,Small_flies,Nemotelus_sp.,ME,1,31,130,130
25,3,2019,2,E3,Small_beetles,Meligethes_sp.,LEMA,1,12,2,128
25,3,2019,2,E6,Hoverflies,Syrphidae,LEMA,1,25,6,384
25,3,2019,2,E6,Flower_beetles,Psilothrix_viridicoerulea,LEMA,4,25,6,384
25,3,2019,2,E6,Small_beetles,Meligethes_sp.,LEMA,1,25,6,384
25,3,2019,2,F6,Small_beetles,Meligethes_sp.,LEMA,3,21,4,256
25,3,2019,2,F6,Flower_beetles,Psilothrix_viridicoerulea,LEMA,1,21,4,256
25,3,2019,3,A1,Small_flies,Dilophus_sp.,LEMA,1,2,2,128
25,3,2019,3,A5,Flower_beetles,Psilothrix_viridicoerulea,LEMA,1,11,1,64
25,3,2019,3,B1,Flower_beetles,Psilothrix_viridicoerulea,LEMA,1,6,2,128
25,3,2019,3,B2,Flower_beetles,Psilothrix_viridicoerulea,LEMA,1,11,1,64
25,3,2019,3,B3,Flower_beetles,Psilothrix_viridicoerulea,LEMA,2,11,1,64
25,3,2019,3,B5,Flower_beetles,Psilothrix_viridicoerulea,LEMA,2,21,2,128
25,3,2019,3,B6,Flower_beetles,Psilothrix_viridicoerulea,LEMA,2,21,1,64
25,3,2019,3,C1,Flower_beetles,Psilothrix_viridicoerulea,LEMA,2,7,1,64
25,3,2019,3,C5,Flower_beetles,Psilothrix_viridicoerulea,LEMA,1,8,1,64
25,3,2019,3,C6,Small_beetles,Meligethes_sp.,LEMA,1,31,1,64
25,3,2019,3,C6,Flower_beetles,Psilothrix_viridicoerulea,LEMA,3,31,1,64
25,3,2019,3,D1,Flower_beetles,Psilothrix_viridicoerulea,LEMA,3,4,1,64
25,3,2019,3,D2,Flower_beetles,Psilothrix_viridicoerulea,LEMA,1,2,1,64
25,3,2019,3,D6,Flower_beetles,Malachius_bipustulatus,LEMA,1,25,1,64
25,3,2019,3,E1,Flower_beetles,Psilothrix_viridicoerulea,LEMA,2,3,1,64
25,3,2019,3,E1,Small_beetles,Meligethes_sp.,LEMA,1,3,1,64
25,3,2019,3,E3,Small_beetles,Meligethes_sp.,LEMA,1,14,2,128
25,3,2019,3,E5,Flower_beetles,Psilothrix_viridicoerulea,LEMA,1,25,2,128
25,3,2019,3,F1,Flower_beetles,Psilothrix_viridicoerulea,LEMA,2,12,2,128
25,3,2019,3,F1,Small_beetles,Meligethes_sp.,LEMA,1,12,2,128
25,3,2019,3,F2,Flower_beetles,Psilothrix_viridicoerulea,LEMA,1,21,2,128
25,3,2019,3,F2,Bees,Apoidea,LEMA,1,21,2,128
25,3,2019,3,F4,Flower_beetles,Psilothrix_viridicoerulea,LEMA,2,31,3,192
25,3,2019,3,F4,Small_beetles,Meligethes_sp.,LEMA,1,31,3,192
25,3,2019,3,F5,Flower_beetles,Psilothrix_viridicoerulea,LEMA,1,41,2,128
25,3,2019,3,F5,Bees,Apoidea,LEMA,1,41,2,128
25,3,2019,3,F6,Flower_beetles,Psilothrix_viridicoerulea,LEMA,1,31,2,128
25,3,2019,3,F6,Flower_beetles,Coccinella_septempunctata,LEMA,1,31,2,128
25,3,2019,4,A2,Hoverflies,Odontomyia_sp.,LEMA,1,21,3,192
25,3,2019,4,A2,Flower_beetles,Psilothrix_viridicoerulea,LEMA,1,21,3,192
25,3,2019,4,A2,Flower_beetles,Psilothrix_viridicoerulea,LEMA,1,21,3,192
25,3,2019,4,A5,Flower_beetles,Mordellidae,HOMA,1,391,1,23
25,3,2019,4,B4,Bees,Apoidea,ME,1,1,0,0
25,3,2019,4,B4,Bees,Apoidea,LEMA,1,23,9,576
25,3,2019,4,C2,Flower_beetles,Psilothrix_viridicoerulea,LEMA,1,35,7,448
25,3,2019,4,C2,Hoverflies,Chrysotoxum_sp.,LEMA,1,35,7,448
25,3,2019,4,C2,Small_flies,Dilophus_sp.,LEMA,1,35,7,448
25,3,2019,4,D5,Small_flies,Nemotelus_sp.,LEMA,1,11,3,192
25,3,2019,4,D5,Hoverflies,Odontomyia_sp.,LEMA,1,11,3,192
25,3,2019,4,F4,Flower_beetles,Psilothrix_viridicoerulea,LEMA,2,9,3,192
25,3,2019,4,F6,Flower_beetles,Psilothrix_viridicoerulea,LEMA,1,5,9,576
25,3,2019,4,F6,Flower_beetles,Mordellidae,LEMA,1,5,9,576
25,3,2019,4,F6,Flower_beetles,Mordellidae,LEMA,1,5,9,576
25,3,2019,5,A1,Hoverflies,Eupeodes_corollae,LEMA,1,4,2,128
25,3,2019,5,A1,Small_flies,Nemotelus_sp.,LEMA,1,4,2,128
25,3,2019,5,A2,Hoverflies,Sphaerophoria_scripta,LEMA,1,2,2,128
25,3,2019,5,A4,Small_beetles,Meligethes_sp.,LEMA,1,8,6,384
25,3,2019,5,A6,Flower_beetles,Psilothrix_viridicoerulea,LEMA,1,11,3,192
25,3,2019,5,B2,Hoverflies,Eupeodes_corollae,LEMA,1,35,4,256
25,3,2019,5,B5,Flower_beetles,Psilothrix_viridicoerulea,LEMA,1,9,2,128
25,3,2019,5,C1,Flower_beetles,Psilothrix_viridicoerulea,LEMA,1,3,3,192
25,3,2019,5,C1,Hoverflies,Sphaerophoria_scripta,LEMA,1,3,3,192
25,3,2019,5,C3,Flower_beetles,Psilothrix_viridicoerulea,LEMA,1,25,3,192
25,3,2019,5,C4,Flower_beetles,Psilothrix_viridicoerulea,LEMA,1,11,2,128
25,3,2019,5,C5,Small_flies,Dilophus_sp.,LEMA,2,5,2,128
25,3,2019,5,D1,Small_beetles,Meligethes_sp.,LEMA,1,14,3,192
25,3,2019,5,D4,Flower_beetles,Psilothrix_viridicoerulea,LEMA,1,12,5,320
25,3,2019,5,D5,Hoverflies,Eupeodes_corollae,LEMA,1,17,2,128
25,3,2019,5,E1,Hoverflies,Eupeodes_corollae,LEMA,1,21,11,704
25,3,2019,5,E1,Hoverflies,Sphaerophoria_scripta,LEMA,1,21,11,704
25,3,2019,5,E5,Small_beetles,Meligethes_sp.,LEMA,1,11,6,384
25,3,2019,5,F1,Flower_beetles,Psilothrix_viridicoerulea,LEMA,1,25,3,192
25,3,2019,5,F4,Small_beetles,Meligethes_sp.,LEMA,2,41,10,640
25,3,2019,6,A1,Flower_beetles,Psilothrix_viridicoerulea,LEMA,2,1,0,0
25,3,2019,6,A4,Hoverflies,Syrphidae,LEMA,1,3,1,64
25,3,2019,6,B3,Small_beetles,Meligethes_sp.,LEMA,1,2,1,64
25,3,2019,6,C3,Small_beetles,Meligethes_sp.,LEMA,1,5,4,256
25,3,2019,6,C6,Flower_beetles,Psilothrix_viridicoerulea,LEMA,1,9,5,320
25,3,2019,6,D1,Flower_beetles,Psilothrix_viridicoerulea,LEMA,1,4,3,192
25,3,2019,6,D5,Flower_beetles,Psilothrix_viridicoerulea,LEMA,1,1,1,64
25,3,2019,6,F2,Flower_beetles,Psilothrix_viridicoerulea,LEMA,1,3,3,192
25,3,2019,6,F5,Flower_beetles,Psilothrix_viridicoerulea,LEMA,2,11,6,384
25,3,2019,6,F6,Small_beetles,Meligethes_sp.,LEMA,1,14,3,192
25,3,2019,7,B5,Small_flies,Dilophus_sp.,LEMA,1,31,5,320
25,3,2019,7,B6,Flower_beetles,Psilothrix_viridicoerulea,LEMA,1,21,5,320
25,3,2019,7,C2,Small_flies,Dilophus_sp.,LEMA,1,6,6,384
25,3,2019,7,C3,Flower_beetles,Psilothrix_viridicoerulea,LEMA,1,15,9,576
25,3,2019,7,D3,Hoverflies,Syrphidae,LEMA,1,12,7,448
25,3,2019,7,D5,Flower_beetles,Mordellidae,LEMA,1,11,6,384
25,3,2019,7,D6,Flower_beetles,Mordellidae,LEMA,1,4,3,192
25,3,2019,7,D6,Flower_beetles,Mordellidae,LEMA,1,4,3,192
25,3,2019,7,D6,Small_flies,Dilophus_sp.,LEMA,1,4,3,192
25,3,2019,7,E3,Hoverflies,Syrphidae,LEMA,1,11,6,384
25,3,2019,7,E3,Flower_beetles,Mordellidae,LEMA,1,11,6,384
25,3,2019,8,A1,Flower_beetles,Psilothrix_viridicoerulea,LEMA,1,1,0,0
25,3,2019,8,A1,Small_beetles,Meligethes_sp.,LEMA,2,1,0,0
25,3,2019,8,B2,Small_beetles,Meligethes_sp.,LEMA,2,4,5,320
25,3,2019,8,B3,Flower_beetles,Psilothrix_viridicoerulea,LEMA,1,3,3,192
25,3,2019,8,B5,Small_beetles,Meligethes_sp.,LEMA,1,1,3,192
25,3,2019,8,B5,Hoverflies,Sphaerophoria_scripta,ME,1,1,0,0
25,3,2019,8,C1,Small_beetles,Meligethes_sp.,LEMA,1,1,3,192
25,3,2019,8,C4,Flower_beetles,Psilothrix_viridicoerulea,LEMA,1,4,5,320
25,3,2019,8,D4,Flower_beetles,Psilothrix_viridicoerulea,LEMA,1,2,2,128
25,3,2019,8,D6,Flower_beetles,Psilothrix_viridicoerulea,LEMA,1,3,4,256
25,3,2019,8,E6,Flower_beetles,Oedemeridae,LEMA,1,2,6,384
25,3,2019,8,F2,Hoverflies,Sphaerophoria_scripta,LEMA,1,1,2,128
25,3,2019,8,F4,Small_beetles,Meligethes_sp.,LEMA,1,3,3,192
25,3,2019,8,F4,Flower_beetles,Psilothrix_viridicoerulea,LEMA,2,3,3,192
25,3,2019,8,F5,Flower_beetles,Cantharidae,ME,1,1,0,0
25,3,2019,8,F6,Small_flies,Nemotelus_sp.,LEMA,1,6,3,192
25,3,2019,9,A3,Flower_beetles,Psilothrix_viridicoerulea,LEMA,1,3,2,128
25,3,2019,9,A3,Flower_beetles,Mordellidae,LEMA,1,3,2,128
25,3,2019,9,A5,Flower_beetles,Psilothrix_viridicoerulea,LEMA,1,1,0,0
25,3,2019,9,B2,Flower_beetles,Psilothrix_viridicoerulea,LEMA,1,11,2,128
25,3,2019,9,B4,Flower_beetles,Psilothrix_viridicoerulea,LEMA,1,3,2,128
25,3,2019,9,B5,Flower_beetles,Psilothrix_viridicoerulea,LEMA,1,2,1,64
25,3,2019,9,B5,Flower_beetles,Mordellidae,LEMA,1,2,1,64
25,3,2019,9,B5,Flower_beetles,Mordellidae,LEMA,1,2,1,64
25,3,2019,9,B5,Flower_beetles,Mordellidae,LEMA,1,2,1,64
25,3,2019,9,E1,Flower_beetles,Psilothrix_viridicoerulea,LEMA,1,1,0,0
25,3,2019,9,E1,Flower_beetles,Psilothrix_viridicoerulea,LEMA,1,1,0,0
25,3,2019,9,E2,Flower_beetles,Psilothrix_viridicoerulea,LEMA,1,1,1,64
25,3,2019,9,E5,Flower_beetles,Psilothrix_viridicoerulea,LEMA,1,3,1,64
25,3,2019,9,E6,Flower_beetles,Buprestidae,LEMA,1,8,2,128
2,4,2019,1,A4,Bees,Apoidea,LEMA,1,15,2,128
2,4,2019,1,B1,Hoverflies,Syrphidae,LEMA,1,11,2,128
2,4,2019,1,B5,Flower_beetles,Psilothrix_viridicoerulea,LEMA,1,31,6,384
2,4,2019,1,C1,House_flies,Muscidae,LEMA,1,12,2,128
2,4,2019,1,C5,Hoverflies,Eupeodes_corollae,LEMA,1,15,1,64
2,4,2019,1,D2,House_flies,Muscidae,ME,1,1,0,0
2,4,2019,1,E1,Flower_beetles,Psilothrix_viridicoerulea,LEMA,1,31,3,192
2,4,2019,1,E2,Hoverflies,Syrphidae,LEMA,1,41,4,256
2,4,2019,1,E2,Hoverflies,Sphaerophoria_scripta,LEMA,1,41,4,256
2,4,2019,1,E2,Flower_beetles,Psilothrix_viridicoerulea,LEMA,1,41,4,256
2,4,2019,1,E6,Flower_beetles,Psilothrix_viridicoerulea,LEMA,3,31,4,256
2,4,2019,1,F6,Hoverflies,Syrphidae,LEMA,1,21,3,192
2,4,2019,1,F6,Hoverflies,Syrphidae,LEMA,1,21,3,192
2,4,2019,2,A1,Hoverflies,Eupeodes_corollae,LEMA,1,31,2,128
2,4,2019,2,B1,Flower_beetles,Cantharidae,LEMA,1,11,3,192
2,4,2019,2,B5,Flower_beetles,Cantharidae,ME,1,2,0,0
2,4,2019,2,B6,Flower_beetles,Psilothrix_viridicoerulea,LEMA,1,25,4,256
2,4,2019,2,C1,Flower_beetles,Cantharidae,LEMA,1,11,5,320
2,4,2019,2,C1,Flower_beetles,Cantharidae,ME,1,3,0,0
2,4,2019,2,E2,Hoverflies,Eupeodes_corollae,LEMA,1,31,4,256
2,4,2019,2,F1,Flower_beetles,Cantharidae,LEMA,1,21,3,192
2,4,2019,3,B1,Hoverflies,Syrphidae,LEMA,1,6,2,128
2,4,2019,3,B1,Flower_beetles,Psilothrix_viridicoerulea,LEMA,1,6,2,128
2,4,2019,3,C6,Flower_beetles,Psilothrix_viridicoerulea,LEMA,1,31,1,64
2,4,2019,3,D2,Bees,Apoidea,LEMA,5,2,1,64
2,4,2019,3,D2,Flower_beetles,Psilothrix_viridicoerulea,LEMA,1,2,1,64
2,4,2019,3,D3,Flower_beetles,Psilothrix_viridicoerulea,LEMA,3,8,1,64
2,4,2019,3,D6,Flower_beetles,Psilothrix_viridicoerulea,LEMA,3,25,1,64
2,4,2019,3,E1,Flower_beetles,Psilothrix_viridicoerulea,LEMA,1,3,1,64
2,4,2019,3,E2,Flower_beetles,Psilothrix_viridicoerulea,LEMA,1,17,1,64
2,4,2019,3,E3,Hoverflies,Syrphidae,LEMA,1,14,2,128
2,4,2019,3,E5,Flower_beetles,Psilothrix_viridicoerulea,LEMA,1,25,2,128
2,4,2019,3,F2,Flower_beetles,Psilothrix_viridicoerulea,LEMA,2,21,2,128
2,4,2019,3,F3,Small_beetles,Meligethes_sp.,LEMA,1,15,1,64
2,4,2019,3,F3,Flower_beetles,Psilothrix_viridicoerulea,LEMA,1,15,1,64
2,4,2019,4,A1,Small_flies,Odontomyia_sp.,LEMA,1,4,2,128
2,4,2019,4,A2,Flower_beetles,Psilothrix_viridicoerulea,LEMA,1,21,3,192
2,4,2019,4,A2,Small_beetles,Meligethes_sp.,LEMA,3,21,3,192
2,4,2019,4,A2,Small_flies,Nemotelus_sp.,LEMA,1,21,3,192
2,4,2019,4,B2,Flower_beetles,Psilothrix_viridicoerulea,LEMA,2,19,7,448
2,4,2019,4,B2,Bees,Apoidea,LEMA,1,19,7,448
2,4,2019,4,B6,Flower_beetles,Psilothrix_viridicoerulea,LEMA,2,1,0,0
2,4,2019,4,C4,Flower_beetles,Psilothrix_viridicoerulea,LEMA,1,18,2,128
2,4,2019,4,C4,Hoverflies,Syrphidae,LEMA,1,18,2,128
2,4,2019,4,C4,Hoverflies,Syrphidae,LEMA,1,18,2,128
2,4,2019,4,C5,Hoverflies,Syrphidae,LEMA,1,4,2,128
2,4,2019,4,E2,Flower_beetles,Psilothrix_viridicoerulea,LEMA,1,11,4,256
2,4,2019,4,E2,Hoverflies,Syrphidae,LEMA,1,11,4,256
2,4,2019,4,E4,Hoverflies,Sphaerophoria_scripta,LEMA,1,18,3,192
2,4,2019,4,E5,Small_flies,Nemotelus_sp.,LEMA,1,15,4,256
2,4,2019,4,F1,Hoverflies,Sphaerophoria_scripta,LEMA,1,16,14,896
2,4,2019,5,A2,Hoverflies,Sphaerophoria_scripta,LEMA,3,2,2,128
2,4,2019,5,B2,Flower_beetles,Psilothrix_viridicoerulea,LEMA,2,35,4,256
2,4,2019,5,D2,Hoverflies,Eupeodes_corollae,LEMA,2,16,14,896
2,4,2019,6,B2,Small_beetles,Meligethes_sp.,LEMA,1,2,2,128
2,4,2019,6,B4,Flower_beetles,Psilothrix_viridicoerulea,LEMA,1,6,2,128
2,4,2019,6,B6,Flower_beetles,Psilothrix_viridicoerulea,LEMA,4,8,2,128
2,4,2019,6,C1,Flower_beetles,Psilothrix_viridicoerulea,LEMA,2,7,5,320
2,4,2019,6,C4,Bees,Apoidea,LEMA,1,2,3,192
2,4,2019,6,C4,Bees,Apoidea,LEMA,1,2,3,192
2,4,2019,6,D1,Hoverflies,Sphaerophoria_scripta,LEMA,1,4,3,192
2,4,2019,6,D3,Hoverflies,Sphaerophoria_scripta,LEMA,1,6,3,192
2,4,2019,6,F4,Hoverflies,Sphaerophoria_scripta,LEMA,1,8,2,128
2,4,2019,7,A5,Hoverflies,Eupeodes_corollae,LEMA,1,17,6,384
2,4,2019,7,B3,Bees,Apoidea,LEMA,1,6,4,256
2,4,2019,7,C1,Hoverflies,Sphaerophoria_scripta,LEMA,2,21,7,448
2,4,2019,7,C3,Flower_beetles,Psilothrix_viridicoerulea,LEMA,1,15,9,576
2,4,2019,7,D1,Hoverflies,Sphaerophoria_scripta,LEMA,1,3,5,320
2,4,2019,7,E2,House_flies,Muscidae,ME,1,1,0,0
2,4,2019,7,E2,Flower_beetles,Psilothrix_viridicoerulea,LEMA,1,1,5,320
2,4,2019,7,E2,House_flies,Muscidae,ME,2,1,0,0
2,4,2019,7,F2,Small_flies,Dilophus_sp.,LEMA,1,1,3,192
2,4,2019,7,F3,Bees,Apoidea,LEMA,1,8,4,256
2,4,2019,7,F4,Bees,Apoidea,LEMA,1,5,4,256
2,4,2019,8,A3,Hoverflies,Sphaerophoria_scripta,LEMA,1,2,3,192
2,4,2019,8,A5,Flower_beetles,Psilothrix_viridicoerulea,LEMA,2,3,2,128
2,4,2019,8,B3,Flower_beetles,Psilothrix_viridicoerulea,LEMA,1,3,3,192
2,4,2019,8,B3,Small_beetles,Meligethes_sp.,LEMA,1,3,3,192
2,4,2019,8,B4,Small_flies,Dilophus_sp.,LEMA,1,2,6,384
2,4,2019,8,B5,Flower_beetles,Psilothrix_viridicoerulea,LEMA,1,1,3,192
2,4,2019,8,B5,Flower_beetles,Malachius_bipustulatus,LEMA,1,1,3,192
2,4,2019,8,C2,Bees,Apoidea,LEMA,1,5,6,384
2,4,2019,8,C2,Hoverflies,Sphaerophoria_scripta,LEMA,1,5,6,384
2,4,2019,8,C2,Flower_beetles,Psilothrix_viridicoerulea,LEMA,3,5,6,384
2,4,2019,8,C3,Flower_beetles,Psilothrix_viridicoerulea,LEMA,3,9,10,640
2,4,2019,8,C4,Flower_beetles,Psilothrix_viridicoerulea,LEMA,1,4,5,320
2,4,2019,8,C4,Small_beetles,Meligethes_sp.,LEMA,1,4,5,320
2,4,2019,8,D3,Flower_beetles,Psilothrix_viridicoerulea,LEMA,1,5,3,192
2,4,2019,8,D4,Hoverflies,Sphaerophoria_scripta,LEMA,1,2,2,128
2,4,2019,8,D5,Flower_beetles,Oedemeridae,LEMA,1,4,4,256
2,4,2019,8,E1,Flower_beetles,Psilothrix_viridicoerulea,LEMA,1,12,6,384
2,4,2019,8,E2,Flower_beetles,Psilothrix_viridicoerulea,LEMA,1,11,5,320
2,4,2019,8,F1,Small_beetles,Meligethes_sp.,LEMA,1,9,3,192
2,4,2019,8,F2,Flower_beetles,Psilothrix_viridicoerulea,LEMA,1,1,2,128
2,4,2019,8,F4,Flower_beetles,Psilothrix_viridicoerulea,LEMA,2,3,3,192
2,4,2019,8,F4,Flower_beetles,Malachius_bipustulatus,LEMA,1,3,3,192
2,4,2019,8,F4,Flower_beetles,Psilothrix_viridicoerulea,LEMA,1,3,3,192
2,4,2019,9,B6,Flower_beetles,Psilothrix_viridicoerulea,LEMA,1,7,2,128
2,4,2019,9,C5,Flower_beetles,Psilothrix_viridicoerulea,LEMA,1,2,1,64
2,4,2019,9,D5,House_flies,Muscidae,ME,1,2,0,0
2,4,2019,9,E3,Hoverflies,Sphaerophoria_scripta,LEMA,2,1,0,0
2,4,2019,9,E6,House_flies,Muscidae,ME,1,1,0,0
2,4,2019,9,F4,House_flies,Muscidae,ME,1,1,0,0
2,4,2019,9,F5,Flower_beetles,Psilothrix_viridicoerulea,LEMA,2,1,0,0
11,4,2019,1,B1,Flower_beetles,Oedemeridae,LEMA,1,11,2,128
11,4,2019,1,E3,Hoverflies,Sphaerophoria_scripta,ME,1,1,100,100
11,4,2019,1,E5,Small_flies,Dilophus_sp.,LEMA,1,51,3,192
11,4,2019,1,E5,Flower_beetles,Psilothrix_viridicoerulea,LEMA,1,51,3,192
11,4,2019,1,E5,Flower_beetles,Psilothrix_viridicoerulea,LEMA,1,51,3,192
11,4,2019,1,F3,Flower_beetles,Psilothrix_viridicoerulea,LEMA,1,25,2,128
11,4,2019,1,F3,Flower_beetles,Psilothrix_viridicoerulea,LEMA,1,25,2,128
11,4,2019,1,F3,Flower_beetles,Psilothrix_viridicoerulea,LEMA,1,25,2,128
11,4,2019,1,F5,Flower_beetles,Psilothrix_viridicoerulea,LEMA,1,35,4,256
11,4,2019,2,A3,Flower_beetles,Psilothrix_viridicoerulea,LEMA,1,12,1,64
11,4,2019,2,B1,Flower_beetles,Psilothrix_viridicoerulea,LEMA,1,11,3,192
11,4,2019,2,B3,Flower_beetles,Psilothrix_viridicoerulea,LEMA,1,31,2,128
11,4,2019,2,C1,Small_flies,Dilophus_sp.,LEMA,2,11,5,320
11,4,2019,2,C3,Flower_beetles,Psilothrix_viridicoerulea,LEMA,1,21,6,384
11,4,2019,2,D1,Small_beetles,Brassicogethes_sp.,LEMA,1,21,6,384
11,4,2019,2,D1,Small_flies,Dilophus_sp.,LEMA,1,21,6,384
11,4,2019,2,D1,Small_flies,Dilophus_sp.,LEMA,2,21,6,384
11,4,2019,2,D1,House_flies,Muscidae,LEMA,1,21,6,384
11,4,2019,2,D1,Flower_beetles,Psilothrix_viridicoerulea,LEMA,1,21,6,384
11,4,2019,2,D1,Flower_beetles,Psilothrix_viridicoerulea,LEMA,1,21,6,384
11,4,2019,2,D4,Flower_beetles,Psilothrix_viridicoerulea,LEMA,1,4,2,128
11,4,2019,2,E1,Small_flies,Dilophus_sp.,CHFU,1,14,1,76
11,4,2019,2,E1,Flower_beetles,Psilothrix_viridicoerulea,LEMA,1,21,3,192
11,4,2019,2,E1,Small_flies,Dilophus_sp.,LEMA,2,21,3,192
11,4,2019,2,E1,Flower_beetles,Mordellidae,LEMA,1,21,3,192
11,4,2019,2,E1,Small_flies,Dilophus_sp.,LEMA,1,21,3,192
11,4,2019,2,E1,Small_flies,Dilophus_sp.,LEMA,1,21,3,192
11,4,2019,2,E1,Small_flies,Dilophus_sp.,LEMA,1,21,3,192
11,4,2019,2,E1,Flower_beetles,Psilothrix_viridicoerulea,LEMA,1,21,3,192
11,4,2019,2,E2,Small_flies,Dilophus_sp.,LEMA,1,31,4,256
11,4,2019,2,E4,Flower_beetles,Psilothrix_viridicoerulea,LEMA,1,21,2,128
11,4,2019,2,E5,Flower_beetles,Psilothrix_viridicoerulea,LEMA,1,11,2,128
11,4,2019,2,E6,Flower_beetles,Psilothrix_viridicoerulea,LEMA,1,25,6,384
11,4,2019,2,F1,Small_flies,Dilophus_sp.,LEMA,1,21,3,192
11,4,2019,2,F1,Small_flies,Dilophus_sp.,LEMA,1,21,3,192
11,4,2019,2,F1,Flower_beetles,Psilothrix_viridicoerulea,LEMA,1,21,3,192
11,4,2019,2,F2,Small_flies,Dilophus_sp.,LEMA,1,11,2,128
11,4,2019,2,F2,Flower_beetles,Malachius_sp.,LEMA,1,11,2,128
11,4,2019,2,F3,Flower_beetles,Psilothrix_viridicoerulea,LEMA,1,35,4,256
11,4,2019,2,F3,Small_flies,Dilophus_sp.,LEMA,1,35,4,256
11,4,2019,2,F3,Small_flies,Dilophus_sp.,LEMA,1,35,4,256
11,4,2019,2,F3,Flower_beetles,Psilothrix_viridicoerulea,LEMA,1,35,4,256
11,4,2019,2,F3,Flower_beetles,Psilothrix_viridicoerulea,LEMA,1,35,4,256
11,4,2019,2,F3,Flower_beetles,Psilothrix_viridicoerulea,LEMA,1,35,4,256
11,4,2019,2,F3,Small_beetles,Brassicogethes_sp.,LEMA,1,35,4,256
11,4,2019,2,F3,Small_beetles,Brassicogethes_sp.,LEMA,1,35,4,256
11,4,2019,2,F3,Small_beetles,Brassicogethes_sp.,LEMA,1,35,4,256
11,4,2019,2,F6,Small_flies,Dilophus_sp.,LEMA,1,21,4,256
11,4,2019,3,B2,Flower_beetles,Psilothrix_viridicoerulea,LEMA,1,11,1,64
11,4,2019,3,C3,Flower_beetles,Psilothrix_viridicoerulea,ME,1,8,0,0
11,4,2019,3,C3,Small_flies,Dilophus_sp.,ME,1,8,0,0
11,4,2019,3,D4,Flower_beetles,Psilothrix_viridicoerulea,ME,1,1,140,140
11,4,2019,3,D6,Flower_beetles,Psilothrix_viridicoerulea,LEMA,1,25,1,64
11,4,2019,3,E1,Flower_beetles,Psilothrix_viridicoerulea,LEMA,2,3,1,64
11,4,2019,3,E2,Flower_beetles,Psilothrix_viridicoerulea,LEMA,3,17,1,64
11,4,2019,3,F1,Flower_beetles,Psilothrix_viridicoerulea,LEMA,2,12,2,128
11,4,2019,3,F2,Flower_beetles,Psilothrix_viridicoerulea,LEMA,1,21,2,128
11,4,2019,3,F4,Flower_beetles,Psilothrix_viridicoerulea,LEMA,1,31,3,192
11,4,2019,4,E1,Flower_beetles,Psilothrix_viridicoerulea,LEMA,1,31,5,320
11,4,2019,4,E1,Flower_beetles,Psilothrix_viridicoerulea,LEMA,1,31,5,320
11,4,2019,4,E1,Flower_beetles,Psilothrix_viridicoerulea,LEMA,1,31,5,320
11,4,2019,4,E1,Small_flies,Dilophus_sp.,LEMA,1,31,5,320
11,4,2019,4,E1,Small_flies,Dilophus_sp.,LEMA,1,31,5,320
11,4,2019,4,E1,Small_flies,Dilophus_sp.,LEMA,1,31,5,320
11,4,2019,4,E4,Flower_beetles,Psilothrix_viridicoerulea,LEMA,1,18,3,192
11,4,2019,4,F1,Flower_beetles,Psilothrix_viridicoerulea,LEMA,1,16,14,896
11,4,2019,4,F3,Flower_beetles,Psilothrix_viridicoerulea,LEMA,1,2,6,384
11,4,2019,5,B4,Flower_beetles,Psilothrix_viridicoerulea,LEMA,1,31,4,256
11,4,2019,5,B4,Flower_beetles,Psilothrix_viridicoerulea,LEMA,1,31,4,256
11,4,2019,5,C1,Small_flies,Dilophus_sp.,LEMA,1,3,3,192
11,4,2019,5,C4,Small_flies,Dilophus_sp.,LEMA,1,11,2,128
11,4,2019,5,C5,Small_flies,Dilophus_sp.,LEMA,1,5,2,128
11,4,2019,5,D1,Small_flies,Dilophus_sp.,LEMA,1,14,3,192
11,4,2019,5,D1,Small_flies,Dilophus_sp.,LEMA,1,14,3,192
11,4,2019,5,D1,Flower_beetles,Mordellidae,LEMA,1,14,3,192
11,4,2019,5,D1,Small_flies,Dilophus_sp.,LEMA,2,14,3,192
11,4,2019,5,D1,Small_flies,Dilophus_sp.,LEMA,1,14,3,192
11,4,2019,5,D1,Flower_beetles,Psilothrix_viridicoerulea,LEMA,1,14,3,192
11,4,2019,5,D1,Small_flies,Dilophus_sp.,LEMA,3,14,3,192
11,4,2019,5,D1,Flower_beetles,Malachius_sp.,LEMA,1,14,3,192
11,4,2019,5,D2,Small_flies,Dilophus_sp.,LEMA,1,16,14,896
11,4,2019,5,E1,Flower_beetles,Psilothrix_viridicoerulea,LEMA,1,21,11,704
11,4,2019,5,E1,Small_flies,Dilophus_sp.,LEMA,1,21,11,704
11,4,2019,5,E1,Small_flies,Dilophus_sp.,LEMA,1,21,11,704
11,4,2019,5,E1,Flower_beetles,Psilothrix_viridicoerulea,LEMA,1,21,11,704
11,4,2019,5,E1,Flower_beetles,Psilothrix_viridicoerulea,LEMA,1,21,11,704
11,4,2019,5,E1,Flower_beetles,Psilothrix_viridicoerulea,LEMA,1,21,11,704
11,4,2019,7,A4,Hoverflies,Sphaerophoria_scripta,LEMA,1,21,5,320
11,4,2019,7,A4,Flower_beetles,Psilothrix_viridicoerulea,LEMA,1,21,5,320
11,4,2019,7,A4,Hoverflies,Sphaerophoria_scripta,LEMA,1,21,5,320
11,4,2019,7,A5,Hoverflies,Sphaerophoria_scripta,LEMA,1,17,6,384
11,4,2019,7,B3,Flower_beetles,Psilothrix_viridicoerulea,LEMA,1,6,4,256
11,4,2019,7,B4,Bees,Apis_mellifera,LEMA,4,21,7,448
11,4,2019,7,B5,Bees,Apis_mellifera,LEMA,2,31,5,320
11,4,2019,7,B5,Hoverflies,Sphaerophoria_scripta,LEMA,1,31,5,320
11,4,2019,7,B5,Hoverflies,Syrphidae,LEMA,1,31,5,320
11,4,2019,7,B6,Hoverflies,Syrphidae,LEMA,1,21,5,320
11,4,2019,7,B6,Flower_beetles,Psilothrix_viridicoerulea,LEMA,1,21,5,320
11,4,2019,7,B6,Hoverflies,Sphaerophoria_scripta,LEMA,1,21,5,320
11,4,2019,7,C2,Flower_beetles,Psilothrix_viridicoerulea,LEMA,1,6,6,384
11,4,2019,7,C2,Hoverflies,Syrphidae,LEMA,1,6,6,384
11,4,2019,7,C2,Flower_beetles,Psilothrix_viridicoerulea,LEMA,1,6,6,384
11,4,2019,7,C2,Flower_beetles,Malachius_bipustulatus,LEMA,1,6,6,384
11,4,2019,7,C3,Bees,Apis_mellifera,LEMA,2,15,9,576
11,4,2019,7,C3,Flower_beetles,Psilothrix_viridicoerulea,LEMA,1,15,9,576
11,4,2019,7,C4,Hoverflies,Syrphidae,LEMA,1,31,7,448
11,4,2019,7,C4,Flower_beetles,Psilothrix_viridicoerulea,LEMA,1,31,7,448
11,4,2019,7,C4,Bees,Apis_mellifera,LEMA,3,31,7,448
11,4,2019,7,C5,Hoverflies,Sphaerophoria_scripta,LEMA,1,31,6,384
11,4,2019,7,C5,Hoverflies,Sphaerophoria_scripta,LEMA,1,31,6,384
11,4,2019,7,D2,Flower_beetles,Psilothrix_viridicoerulea,LEMA,1,2,2,128
11,4,2019,7,D5,Hoverflies,Syrphidae,LEMA,1,11,6,384
11,4,2019,7,E4,Hoverflies,Syrphidae,LEMA,1,15,5,320
11,4,2019,7,E6,Flower_beetles,Psilothrix_viridicoerulea,LEMA,1,11,7,448
11,4,2019,8,A1,Hoverflies,Sphaerophoria_scripta,LEMA,1,1,0,0
11,4,2019,8,A2,Flower_beetles,Psilothrix_viridicoerulea,LEMA,1,3,3,192
11,4,2019,8,A2,Hoverflies,Sphaerophoria_scripta,LEMA,2,3,3,192
11,4,2019,8,A3,Small_flies,Dilophus_sp.,LEMA,1,2,3,192
11,4,2019,8,A4,Bees,Apoidea,LEMA,1,2,5,320
11,4,2019,8,A5,Hoverflies,Sphaerophoria_scripta,LEMA,2,3,2,128
11,4,2019,8,B2,Small_flies,Dilophus_sp.,LEMA,1,4,5,320
11,4,2019,8,B2,Hoverflies,Sphaerophoria_scripta,LEMA,1,4,5,320
11,4,2019,8,B3,Flower_beetles,Psilothrix_viridicoerulea,LEMA,2,3,3,192
11,4,2019,8,B3,Flower_beetles,Oedemeridae,LEMA,1,3,3,192
11,4,2019,8,B4,Small_flies,Dilophus_sp.,LEMA,2,2,6,384
11,4,2019,8,B4,Bees,Apoidea,LEMA,1,2,6,384
11,4,2019,8,B5,Small_flies,Dilophus_sp.,ME,1,1,0,0
11,4,2019,8,B5,Small_flies,Dilophus_sp.,LEMA,3,1,3,192
11,4,2019,8,B5,Bees,Apoidea,LEMA,2,1,3,192
11,4,2019,8,B6,Flower_beetles,Psilothrix_viridicoerulea,LEMA,1,3,4,256
11,4,2019,8,C2,Flower_beetles,Psilothrix_viridicoerulea,LEMA,1,5,6,384
11,4,2019,8,C2,Small_flies,Dilophus_sp.,LEMA,1,5,6,384
11,4,2019,8,C3,Flower_beetles,Psilothrix_viridicoerulea,LEMA,3,9,10,640
11,4,2019,8,C4,Bees,Apoidea,LEMA,1,4,5,320
11,4,2019,8,C4,Flower_beetles,Psilothrix_viridicoerulea,LEMA,1,4,5,320
11,4,2019,8,C4,Small_flies,Dilophus_sp.,LEMA,1,4,5,320
11,4,2019,8,D1,Flower_beetles,Oedemeridae,LEMA,1,5,5,320
11,4,2019,8,D2,Flower_beetles,Oedemeridae,LEMA,1,9,8,512
11,4,2019,8,D2,Hoverflies,Sphaerophoria_scripta,LEMA,2,9,8,512
11,4,2019,8,D2,Flower_beetles,Oedemeridae,LEMA,2,9,8,512
11,4,2019,8,E2,Small_flies,Dilophus_sp.,LEMA,1,11,5,320
11,4,2019,8,E2,Bees,Apoidea,ME,1,1,250,250
11,4,2019,8,E3,Flower_beetles,Psilothrix_viridicoerulea,LEMA,1,3,4,256
11,4,2019,8,E4,Bees,Apoidea,LEMA,1,3,5,320
11,4,2019,8,E4,Small_flies,Dilophus_sp.,LEMA,1,3,5,320
11,4,2019,8,F3,Small_flies,Dilophus_sp.,LEMA,1,1,0,0
11,4,2019,9,B4,Hoverflies,Syrphidae,LEMA,1,3,2,128
11,4,2019,9,B4,Flower_beetles,Psilothrix_viridicoerulea,LEMA,1,3,2,128
11,4,2019,9,B4,Flower_beetles,Psilothrix_viridicoerulea,LEMA,1,3,2,128
11,4,2019,9,B5,Flower_beetles,Psilothrix_viridicoerulea,LEMA,1,2,1,64
11,4,2019,9,B5,Flower_beetles,Malachius_sp.,LEMA,1,2,1,64
11,4,2019,9,B5,Small_flies,Dilophus_sp.,LEMA,1,2,1,64
11,4,2019,9,B5,Small_flies,Dilophus_sp.,LEMA,1,2,1,64
11,4,2019,9,B6,Flower_beetles,Psilothrix_viridicoerulea,LEMA,1,7,2,128
11,4,2019,9,B6,Flower_beetles,Psilothrix_viridicoerulea,LEMA,1,7,2,128
11,4,2019,9,C5,Flower_beetles,Psilothrix_viridicoerulea,LEMA,1,2,1,64
11,4,2019,9,D5,Small_flies,Dilophus_sp.,LEMA,1,9,3,192
11,4,2019,9,D5,House_flies,Muscidae,ME,1,2,0,0
11,4,2019,9,D5,Flower_beetles,Psilothrix_viridicoerulea,ME,1,2,0,0
11,4,2019,9,D6,Small_flies,Dilophus_sp.,ME,1,1,0,0
11,4,2019,9,E3,Small_flies,Dilophus_sp.,LEMA,1,1,0,0
11,4,2019,9,E3,House_flies,Muscidae,ME,1,1,90,90
11,4,2019,9,E3,Hoverflies,Sphaerophoria_scripta,LEMA,1,1,0,0
11,4,2019,9,E3,Flower_beetles,Psilothrix_viridicoerulea,LEMA,1,1,0,0
11,4,2019,9,E3,Flower_beetles,Psilothrix_viridicoerulea,LEMA,1,1,0,0
11,4,2019,9,E3,Flower_beetles,Psilothrix_viridicoerulea,LEMA,1,1,0,0
11,4,2019,9,E3,Flower_beetles,Psilothrix_viridicoerulea,LEMA,1,1,0,0
11,4,2019,9,E3,Small_flies,Dilophus_sp.,LEMA,1,1,0,0
11,4,2019,9,E3,Flower_beetles,Melyridae,LEMA,3,1,0,0
11,4,2019,9,E5,Flower_beetles,Psilothrix_viridicoerulea,LEMA,1,3,1,64
11,4,2019,9,E5,Flower_beetles,Psilothrix_viridicoerulea,LEMA,1,3,1,64
11,4,2019,9,F1,Small_flies,Dilophus_sp.,LEMA,1,1,0,0
11,4,2019,9,F2,Flower_beetles,Psilothrix_viridicoerulea,LEMA,1,1,0,0
11,4,2019,9,F2,Flower_beetles,Psilothrix_viridicoerulea,LEMA,1,1,0,0
11,4,2019,9,F2,Flower_beetles,Psilothrix_viridicoerulea,LEMA,1,1,0,0
11,4,2019,9,F2,Flower_beetles,Psilothrix_viridicoerulea,LEMA,1,1,0,0
11,4,2019,9,F2,Flower_beetles,Psilothrix_viridicoerulea,LEMA,1,1,0,0
11,4,2019,9,F5,Flower_beetles,Psilothrix_viridicoerulea,LEMA,1,1,0,0
23,4,2019,7,D1,Flower_beetles,Mordellidae,CHMI,2,1,0,0
23,4,2019,7,D3,Small_flies,Dilophus_sp.,CHMI,1,1,0,0
23,4,2019,7,D4,Small_flies,Dilophus_sp.,LEMA,1,11,5,320
23,4,2019,7,E4,Hoverflies,Odontomyia_sp.,LEMA,1,15,5,320
23,4,2019,7,F3,Small_beetles,Curculionidae,LEMA,1,8,4,256
23,4,2019,7,F4,Flower_beetles,Mordellidae,CHMI,2,1,0,0
23,4,2019,7,F4,Flower_beetles,Psilothrix_viridicoerulea,CHMI,1,1,0,0
23,4,2019,7,F4,Small_beetles,Curculionidae,LEMA,1,5,4,256
23,4,2019,7,F5,Flower_beetles,Mordellidae,CHMI,1,1,0,0
23,4,2019,8,A4,Flower_beetles,Psilothrix_viridicoerulea,LEMA,1,2,5,320
23,4,2019,8,B5,Flower_beetles,Psilothrix_viridicoerulea,LEMA,2,1,3,192
23,4,2019,8,B5,Flower_beetles,Mordellidae,LEMA,1,1,3,192
23,4,2019,8,E5,Flower_beetles,Psilothrix_viridicoerulea,LEMA,1,3,3,192
23,4,2019,8,F2,Flower_beetles,Cantharidae,PUPA,1,1,0,0
23,4,2019,8,F3,Small_flies,Dilophus_sp.,PUPA,1,1,0,0
23,4,2019,9,B6,Flower_beetles,Psilothrix_viridicoerulea,LEMA,1,7,2,128
23,4,2019,9,D6,Flower_beetles,Psilothrix_viridicoerulea,LEMA,1,4,1,64
23,4,2019,9,E5,Flower_beetles,Psilothrix_viridicoerulea,LEMA,2,3,1,64
23,4,2019,9,E6,Flower_beetles,Psilothrix_viridicoerulea,LEMA,1,8,2,128
23,4,2019,9,F6,Flower_beetles,Psilothrix_viridicoerulea,LEMA,1,1,0,0
23,4,2019,9,F6,Flower_beetles,Psilothrix_viridicoerulea,LEMA,1,1,0,0
30,4,2019,7,B5,Bees,Eucera_sp.,PUPA,1,3,9,315
30,4,2019,7,C2,Bees,Apoidea,PUPA,1,1,0,0
30,4,2019,7,C2,Bees,Eucera_sp.,PUPA,1,1,0,0
30,4,2019,7,C2,Small_flies,Dilophus_sp.,PUPA,1,1,0,0
30,4,2019,7,D2,Bees,Eucera_sp.,PUPA,1,1,0,0
30,4,2019,7,D2,Bees,Eucera_sp.,PUPA,1,1,0,0
30,4,2019,7,D3,Bees,Eucera_sp.,PUPA,1,5,6,210
30,4,2019,7,D5,Bees,Eucera_sp.,PUPA,2,11,17,595
30,4,2019,8,B2,Bees,Eucera_sp.,PUPA,2,4,11,385
30,4,2019,8,B4,Butterflies,Lasiocampa_trifolii,PUPA,1,31,30,1050
30,4,2019,8,C3,Bees,Eucera_sp.,PUPA,2,25,15,525
30,4,2019,8,C3,Bees,Apoidea,PUPA,1,25,15,525
30,4,2019,8,C3,Butterflies,Lasiocampa_trifolii,PUPA,1,25,15,525
30,4,2019,8,D3,Bees,Apidae,PUPA,1,41,14,490
30,4,2019,8,D3,Bees,Apoidea,PUPA,1,41,14,490
30,4,2019,8,D3,Bees,Eucera_sp.,PUPA,1,41,14,490
30,4,2019,8,D3,Bees,Apidae,PUPA,1,41,14,490
30,4,2019,8,D3,Flower_beetles,Psilothrix_viridicoerulea,PUPA,1,41,14,490
30,4,2019,8,D3,Bees,Apoidea,PUPA,3,41,14,490
30,4,2019,8,D5,Bees,Apoidea,PUPA,1,25,7,245
30,4,2019,8,D6,Bees,Apoidea,PUPA,1,31,6,210
30,4,2019,8,D6,Flower_beetles,Psilothrix_viridicoerulea,PUPA,1,31,6,210
30,4,2019,8,D6,Small_beetles,Nitidulidae,PUPA,1,31,6,210
30,4,2019,8,E1,Bees,Apoidea,PUPA,1,2,8,280
30,4,2019,8,F3,Bees,Apoidea,PUPA,1,1,0,0
30,4,2019,8,F3,Bees,Apidae,PUPA,1,1,0,0
13,5,2019,8,B2,Butterflies,Thymelicus_sp.,PUPA,2,4,11,385
13,5,2019,8,B3,House_flies,Muscidae,PUPA,1,21,21,735
13,5,2019,8,B4,Butterflies,Thymelicus_sp.,PUPA,1,31,30,1050
13,5,2019,8,B6,Butterflies,Thymelicus_sp.,PUPA,1,8,14,490
13,5,2019,8,C5,Butterflies,Thymelicus_sp.,PUPA,2,15,9,315
13,5,2019,8,C5,Butterflies,Thymelicus_sp.,PUPA,1,15,9,315
13,5,2019,8,C5,Butterflies,Thymelicus_sp.,PUPA,2,15,9,315
13,5,2019,8,C5,Butterflies,Thymelicus_sp.,PUPA,1,15,9,315
13,5,2019,8,D2,Humbleflies,Bombyliidae,PUPA,1,7,24,840
13,5,2019,8,D6,Butterflies,Thymelicus_sp.,PUPA,1,31,6,210
13,5,2019,8,D6,Butterflies,Thymelicus_sp.,PUPA,1,31,6,210
13,5,2019,8,D6,Butterflies,Thymelicus_sp.,PUPA,1,31,6,210
13,5,2019,8,E6,Butterflies,Thymelicus_sp.,PUPA,1,31,7,245
13,5,2019,8,F1,Humbleflies,Bombyliidae,PUPA,1,1,0,0
13,5,2019,8,F4,Humbleflies,Bombyliidae,PUPA,2,1,0,0
13,5,2019,8,F4,Bees,Apoidea,PUPA,1,1,0,0
13,5,2019,8,F5,Butterflies,Thymelicus_sp.,PUPA,1,12,16,560
13,5,2019,8,F5,Butterflies,Thymelicus_sp.,PUPA,1,12,16,560
20,5,2019,7,A6,Humbleflies,Bombyliidae,PUPA,1,6,20,700
20,5,2019,7,B4,Humbleflies,Bombyliidae,PUPA,1,3,11,385
20,5,2019,7,B4,Butterflies,Lasiocampa_trifolii,PUPA,1,3,11,385
20,5,2019,7,B5,Humbleflies,Bombyliidae,PUPA,1,3,9,315
20,5,2019,7,C2,Humbleflies,Bombyliidae,PUPA,1,1,0,0
20,5,2019,7,C3,Butterflies,Colias_croceus,PUPA,1,3,12,420
20,5,2019,7,C4,Humbleflies,Bombyliidae,PUPA,1,3,5,175
20,5,2019,7,E3,Bees,Apoidea,PUPA,2,3,16,560
20,5,2019,7,E4,Humbleflies,Bombyliidae,PUPA,3,12,7,245
20,5,2019,7,E4,Butterflies,Lasiocampa_trifolii,PUPA,1,12,7,245
20,5,2019,7,E6,Humbleflies,Bombyliidae,PUPA,1,9,7,245
20,5,2019,7,F3,Humbleflies,Bombyliidae,PUPA,1,1,0,0
20,5,2019,7,F3,Butterflies,Lasiocampa_trifolii,PUPA,1,1,0,0
20,5,2019,7,F4,Butterflies,Lasiocampa_trifolii,PUPA,1,6,14,490
20,5,2019,7,F6,Butterflies,Lasiocampa_trifolii,PUPA,1,1,0,0
20,5,2019,8,A2,Hoverflies,Syrphidae,PUPA,1,4,9,315
20,5,2019,8,B2,Butterflies,Lasiocampa_trifolii,PUPA,1,4,11,385
20,5,2019,8,B3,Humbleflies,Bombyliidae,PUPA,3,21,21,735
20,5,2019,8,B3,Butterflies,Lasiocampa_trifolii,PUPA,1,21,21,735
20,5,2019,8,B4,Humbleflies,Bombyliidae,PUPA,1,31,30,1050
20,5,2019,8,B5,Humbleflies,Bombyliidae,PUPA,1,12,7,245
20,5,2019,8,C2,Humbleflies,Bombyliidae,PUPA,1,15,19,665
20,5,2019,8,C2,Butterflies,Lasiocampa_trifolii,PUPA,1,15,19,665
20,5,2019,8,C3,Humbleflies,Bombyliidae,PUPA,6,25,15,525
20,5,2019,8,C3,Butterflies,Lasiocampa_trifolii,PUPA,2,25,15,525
20,5,2019,8,C4,Humbleflies,Bombyliidae,PUPA,1,41,16,560
20,5,2019,8,C4,Butterflies,Lasiocampa_trifolii,PUPA,1,41,16,560
20,5,2019,8,C5,Butterflies,Lasiocampa_trifolii,PUPA,1,15,9,315
20,5,2019,8,C6,Humbleflies,Bombyliidae,PUPA,1,21,11,385
20,5,2019,8,D2,Humbleflies,Bombyliidae,PUPA,2,7,24,840
20,5,2019,8,D2,Butterflies,Lasiocampa_trifolii,PUPA,2,7,24,840
20,5,2019,8,D3,Humbleflies,Bombyliidae,PUPA,2,41,14,490
20,5,2019,8,D3,Butterflies,Lasiocampa_trifolii,PUPA,2,41,14,490
20,5,2019,8,D4,Humbleflies,Bombyliidae,PUPA,3,35,11,385
20,5,2019,8,D5,Humbleflies,Bombyliidae,PUPA,2,25,7,245
20,5,2019,8,D6,Butterflies,Lasiocampa_trifolii,PUPA,1,31,6,210
20,5,2019,8,D6,Humbleflies,Bombyliidae,PUPA,3,31,6,210
20,5,2019,8,E1,Humbleflies,Bombyliidae,PUPA,1,2,8,280
20,5,2019,8,E1,Hoverflies,Syrphidae,PUPA,2,2,8,280
20,5,2019,8,E2,Humbleflies,Bombyliidae,PUPA,2,25,14,490
20,5,2019,8,E3,Humbleflies,Bombyliidae,PUPA,3,31,12,420
20,5,2019,8,E3,Butterflies,Lasiocampa_trifolii,PUPA,1,31,12,420
20,5,2019,8,E5,Bees,Apoidea,PUPA,1,41,11,385
20,5,2019,8,F1,Humbleflies,Bombyliidae,PUPA,2,1,0,0
20,5,2019,8,F2,Humbleflies,Bombyliidae,PUPA,2,1,0,0
20,5,2019,8,F3,Butterflies,Lasiocampa_trifolii,PUPA,1,1,0,0
20,5,2019,8,F4,Humbleflies,Bombyliidae,PUPA,1,1,0,0
