Plot;Subplot;Plant;Plant_Simple;Fruit;Seed
1;A1;CHFU;CHFU;1;76
1;A2;CHFU;CHFU;1;76
1;A3;CHFU;CHFU;2;152
1;A4;CHFU;CHFU;0;0
1;A5;CHFU;CHFU;2;152
1;A6;CHFU;CHFU;0;0
1;B1;CHFU;CHFU;2;152
1;B2;CHFU;CHFU;2;152
1;B3;CHFU;CHFU;5;380
1;B4;CHFU;CHFU;7;532
1;B5;CHFU;CHFU;1;76
1;B6;CHFU;CHFU;0;0
1;C1;CHFU;CHFU;1;76
1;C2;CHFU;CHFU;1;76
1;C3;CHFU;CHFU;3;228
1;C4;CHFU;CHFU;1;76
1;C5;CHFU;CHFU;2;152
1;C6;CHFU;CHFU;2;152
1;D1;CHFU;CHFU;3;228
1;D2;CHFU;CHFU;3;228
1;D3;CHFU;CHFU;3;228
1;D4;CHFU;CHFU;1;76
1;D5;CHFU;CHFU;2;152
1;D6;CHFU;CHFU;2;152
1;E1;CHFU;CHFU;2;152
1;E2;CHFU;CHFU;1;76
1;E3;CHFU;CHFU;2;152
1;E4;CHFU;CHFU;1;76
1;E5;CHFU;CHFU;9;684
1;E6;CHFU;CHFU;3;228
1;F1;CHFU;CHFU;1;76
1;F2;CHFU;CHFU;1;76
1;F3;CHFU;CHFU;1;76
1;F4;CHFU;CHFU;2;152
1;F5;CHFU;CHFU;2;152
1;F6;CHFU;CHFU;5;380
2;A1;CHFU;CHFU;1;76
2;A2;CHFU;CHFU;5;380
2;A3;CHFU;CHFU;2;152
2;A4;CHFU;CHFU;4;304
2;A5;CHFU;CHFU;5;380
2;A6;CHFU;CHFU;3;228
2;B1;CHFU;CHFU;2;152
2;B2;CHFU;CHFU;2;152
2;B3;CHFU;CHFU;5;380
2;B4;CHFU;CHFU;1;76
2;B5;CHFU;CHFU;0;0
2;B6;CHFU;CHFU;0;0
2;C1;CHFU;CHFU;6;456
2;C2;CHFU;CHFU;2;152
2;C3;CHFU;CHFU;3;228
2;C4;CHFU;CHFU;2;152
2;C5;CHFU;CHFU;0;0
2;C6;CHFU;CHFU;0;0
2;D1;CHFU;CHFU;3;228
2;D2;CHFU;CHFU;2;152
2;D3;CHFU;CHFU;2;152
2;D4;CHFU;CHFU;4;304
2;D5;CHFU;CHFU;0;0
2;D6;CHFU;CHFU;0;0
2;E1;CHFU;CHFU;1;76
2;E2;CHFU;CHFU;3;228
2;E3;CHFU;CHFU;2;152
2;E4;CHFU;CHFU;3;228
2;E5;CHFU;CHFU;0;0
2;E6;CHFU;CHFU;2;152
2;F1;CHFU;CHFU;1;76
2;F2;CHFU;CHFU;2;152
2;F3;CHFU;CHFU;2;152
2;F4;CHFU;CHFU;5;380
2;F5;CHFU;CHFU;4;304
2;F6;CHFU;CHFU;1;76
3;A1;CHFU;CHFU;4;304
3;A2;CHFU;CHFU;6;456
3;A3;CHFU;CHFU;7;532
3;A4;CHFU;CHFU;2;152
3;A5;CHFU;CHFU;0;0
3;A6;CHFU;CHFU;1;76
3;B1;CHFU;CHFU;2;152
3;B2;CHFU;CHFU;2;152
3;B3;CHFU;CHFU;1;76
3;B4;CHFU;CHFU;1;76
3;B5;CHFU;CHFU;1;76
3;B6;CHFU;CHFU;2;152
3;C1;CHFU;CHFU;0;0
3;C2;CHFU;CHFU;0;0
3;C3;CHFU;CHFU;1;76
3;C4;CHFU;CHFU;1;76
3;C5;CHFU;CHFU;2;152
3;C6;CHFU;CHFU;2;152
3;D1;CHFU;CHFU;0;0
3;D2;CHFU;CHFU;1;76
3;D3;CHFU;CHFU;0;0
3;D4;CHFU;CHFU;1;76
3;D5;CHFU;CHFU;1;76
3;D6;CHFU;CHFU;0;0
3;E1;CHFU;CHFU;1;76
3;E2;CHFU;CHFU;1;76
3;E3;CHFU;CHFU;1;76
3;E4;CHFU;CHFU;1;76
3;E5;CHFU;CHFU;0;0
3;E6;CHFU;CHFU;0;0
3;F1;CHFU;CHFU;1;76
3;F2;CHFU;CHFU;2;152
3;F3;CHFU;CHFU;0;0
3;F4;CHFU;CHFU;4;304
3;F5;CHFU;CHFU;2;152
3;F6;CHFU;CHFU;1;76
4;A1;CHFU;CHFU;2;152
4;A2;CHFU;CHFU;5;380
4;A3;CHFU;CHFU;2;152
4;A4;CHFU;CHFU;10;760
4;A5;CHFU;CHFU;5;380
4;A6;CHFU;CHFU;3;228
4;B1;CHFU;CHFU;1;76
4;B2;CHFU;CHFU;7;532
4;B3;CHFU;CHFU;9;684
4;B4;CHFU;CHFU;1;76
4;B5;CHFU;CHFU;7;532
4;B6;CHFU;CHFU;5;380
4;C1;CHFU;CHFU;7;532
4;C2;CHFU;CHFU;5;380
4;C3;CHFU;CHFU;12;912
4;C4;CHFU;CHFU;10;760
4;C5;CHFU;CHFU;2;152
4;C6;CHFU;CHFU;3;228
4;D1;CHFU;CHFU;6;456
4;D2;CHFU;CHFU;2;152
4;D3;CHFU;CHFU;3;228
4;D4;CHFU;CHFU;2;152
4;D5;CHFU;CHFU;2;152
4;D6;CHFU;CHFU;5;380
4;E1;CHFU;CHFU;5;380
4;E2;CHFU;CHFU;7;532
4;E3;CHFU;CHFU;4;304
4;E4;CHFU;CHFU;2;152
4;E5;CHFU;CHFU;9;684
4;E6;CHFU;CHFU;6;456
4;F1;CHFU;CHFU;5;380
4;F2;CHFU;CHFU;2;152
4;F3;CHFU;CHFU;2;152
4;F4;CHFU;CHFU;3;228
4;F5;CHFU;CHFU;2;152
4;F6;CHFU;CHFU;4;304
5;A1;CHFU;CHFU;9;684
5;A2;CHFU;CHFU;14;1064
5;A3;CHFU;CHFU;3;228
5;A4;CHFU;CHFU;11;836
5;A5;CHFU;CHFU;2;152
5;A6;CHFU;CHFU;3;228
5;B1;CHFU;CHFU;8;608
5;B2;CHFU;CHFU;11;836
5;B3;CHFU;CHFU;3;228
5;B4;CHFU;CHFU;4;304
5;B5;CHFU;CHFU;7;532
5;B6;CHFU;CHFU;5;380
5;C1;CHFU;CHFU;13;988
5;C2;CHFU;CHFU;9;684
5;C3;CHFU;CHFU;5;380
5;C4;CHFU;CHFU;1;76
5;C5;CHFU;CHFU;2;152
5;C6;CHFU;CHFU;3;228
5;D1;CHFU;CHFU;6;456
5;D2;CHFU;CHFU;15;1140
5;D3;CHFU;CHFU;3;228
5;D4;CHFU;CHFU;7;532
5;D5;CHFU;CHFU;4;304
5;D6;CHFU;CHFU;1;76
5;E1;CHFU;CHFU;9;684
5;E2;CHFU;CHFU;5;380
5;E3;CHFU;CHFU;7;532
5;E4;CHFU;CHFU;7;532
5;E5;CHFU;CHFU;4;304
5;E6;CHFU;CHFU;1;76
5;F1;CHFU;CHFU;4;304
5;F2;CHFU;CHFU;9;684
5;F3;CHFU;CHFU;5;380
5;F4;CHFU;CHFU;11;836
5;F5;CHFU;CHFU;5;380
5;F6;CHFU;CHFU;0;0
6;A1;CHFU;CHFU;4;304
6;A2;CHFU;CHFU;3;228
6;A3;CHFU;CHFU;3;228
6;A4;CHFU;CHFU;2;152
6;A5;CHFU;CHFU;3;228
6;A6;CHFU;CHFU;2;152
6;B1;CHFU;CHFU;4;304
6;B2;CHFU;CHFU;2;152
6;B3;CHFU;CHFU;3;228
6;B4;CHFU;CHFU;2;152
6;B5;CHFU;CHFU;3;228
6;B6;CHFU;CHFU;5;380
6;C1;CHFU;CHFU;6;456
6;C2;CHFU;CHFU;2;152
6;C3;CHFU;CHFU;3;228
6;C4;CHFU;CHFU;5;380
6;C5;CHFU;CHFU;4;304
6;C6;CHFU;CHFU;3;228
6;D1;CHFU;CHFU;3;228
6;D2;CHFU;CHFU;7;532
6;D3;CHFU;CHFU;17;1292
6;D4;CHFU;CHFU;8;608
6;D5;CHFU;CHFU;5;380
6;D6;CHFU;CHFU;3;228
6;E1;CHFU;CHFU;5;380
6;E2;CHFU;CHFU;5;380
6;E3;CHFU;CHFU;3;228
6;E4;CHFU;CHFU;10;760
6;E5;CHFU;CHFU;2;152
6;E6;CHFU;CHFU;2;152
6;F1;CHFU;CHFU;7;532
6;F2;CHFU;CHFU;6;456
6;F3;CHFU;CHFU;2;152
6;F4;CHFU;CHFU;3;228
6;F5;CHFU;CHFU;3;228
6;F6;CHFU;CHFU;2;152
7;A1;CHFU;CHFU;6;456
7;A2;CHFU;CHFU;8;608
7;A3;CHFU;CHFU;4;304
7;A4;CHFU;CHFU;4;304
7;A5;CHFU;CHFU;6;456
7;A6;CHFU;CHFU;6;456
7;B1;CHFU;CHFU;15;1140
7;B2;CHFU;CHFU;8;608
7;B3;CHFU;CHFU;0;0
7;B4;CHFU;CHFU;12;912
7;B5;CHFU;CHFU;9;684
7;B6;CHFU;CHFU;6;456
7;C1;CHFU;CHFU;6;456
7;C2;CHFU;CHFU;5;380
7;C3;CHFU;CHFU;14;1064
7;C4;CHFU;CHFU;4;304
7;C5;CHFU;CHFU;4;304
7;C6;CHFU;CHFU;9;684
7;D1;CHFU;CHFU;8;608
7;D2;CHFU;CHFU;0;0
7;D3;CHFU;CHFU;7;532
7;D4;CHFU;CHFU;10;760
7;D5;CHFU;CHFU;12;912
7;D6;CHFU;CHFU;8;608
7;E1;CHFU;CHFU;1;76
7;E2;CHFU;CHFU;3;228
7;E3;CHFU;CHFU;5;380
7;E4;CHFU;CHFU;7;532
7;E5;CHFU;CHFU;9;684
7;E6;CHFU;CHFU;2;152
7;F1;CHFU;CHFU;0;0
7;F2;CHFU;CHFU;0;0
7;F3;CHFU;CHFU;15;1140
7;F4;CHFU;CHFU;8;608
7;F5;CHFU;CHFU;13;988
7;F6;CHFU;CHFU;10;760
8;A1;CHFU;CHFU;9;684
8;A2;CHFU;CHFU;10;760
8;A3;CHFU;CHFU;15;1140
8;A4;CHFU;CHFU;7;532
8;A5;CHFU;CHFU;7;532
8;A6;CHFU;CHFU;10;760
8;B1;CHFU;CHFU;7;532
8;B2;CHFU;CHFU;8;608
8;B3;CHFU;CHFU;10;760
8;B4;CHFU;CHFU;11;836
8;B5;CHFU;CHFU;3;228
8;B6;CHFU;CHFU;4;304
8;C1;CHFU;CHFU;6;456
8;C2;CHFU;CHFU;8;608
8;C3;CHFU;CHFU;7;532
8;C4;CHFU;CHFU;8;608
8;C5;CHFU;CHFU;12;912
8;C6;CHFU;CHFU;8;608
8;D1;CHFU;CHFU;7;532
8;D2;CHFU;CHFU;5;380
8;D3;CHFU;CHFU;5;380
8;D4;CHFU;CHFU;4;304
8;D5;CHFU;CHFU;3;228
8;D6;CHFU;CHFU;5;380
8;E1;CHFU;CHFU;8;608
8;E2;CHFU;CHFU;11;836
8;E3;CHFU;CHFU;7;532
8;E4;CHFU;CHFU;7;532
8;E5;CHFU;CHFU;6;456
8;E6;CHFU;CHFU;4;304
8;F1;CHFU;CHFU;4;304
8;F2;CHFU;CHFU;10;760
8;F3;CHFU;CHFU;8;608
8;F4;CHFU;CHFU;11;836
8;F5;CHFU;CHFU;15;1140
8;F6;CHFU;CHFU;9;684
9;A1;CHFU;CHFU;2;152
9;A2;CHFU;CHFU;5;380
9;A3;CHFU;CHFU;2;152
9;A4;CHFU;CHFU;2;152
9;A5;CHFU;CHFU;2;152
9;A6;CHFU;CHFU;4;304
9;B1;CHFU;CHFU;2;152
9;B2;CHFU;CHFU;2;152
9;B3;CHFU;CHFU;2;152
9;B4;CHFU;CHFU;1;76
9;B5;CHFU;CHFU;3;228
9;B6;CHFU;CHFU;2;152
9;C1;CHFU;CHFU;1;76
9;C2;CHFU;CHFU;2;152
9;C3;CHFU;CHFU;2;152
9;C4;CHFU;CHFU;2;152
9;C5;CHFU;CHFU;3;228
9;C6;CHFU;CHFU;1;76
9;D1;CHFU;CHFU;4;304
9;D2;CHFU;CHFU;2;152
9;D3;CHFU;CHFU;3;228
9;D4;CHFU;CHFU;4;304
9;D5;CHFU;CHFU;3;228
9;D6;CHFU;CHFU;2;152
9;E1;CHFU;CHFU;2;152
9;E2;CHFU;CHFU;2;152
9;E3;CHFU;CHFU;3;228
9;E4;CHFU;CHFU;3;228
9;E5;CHFU;CHFU;2;152
9;E6;CHFU;CHFU;4;304
9;F1;CHFU;CHFU;2;152
9;F2;CHFU;CHFU;3;228
9;F3;CHFU;CHFU;2;152
9;F4;CHFU;CHFU;4;304
9;F5;CHFU;CHFU;3;228
9;F6;CHFU;CHFU;6;456
1;A1;HOMA;HOMA;1;23
1;A2;HOMA;HOMA;1;23
1;A3;HOMA;HOMA;1;23
1;A4;HOMA;HOMA;1;23
1;A5;HOMA;HOMA;1;23
1;A6;HOMA;HOMA;1;23
1;B1;HOMA;HOMA;1;23
1;B2;HOMA;HOMA;1;23
1;B3;HOMA;HOMA;1;23
1;B4;HOMA;HOMA;1;23
1;B5;HOMA;HOMA;1;23
1;B6;HOMA;HOMA;1;23
1;C1;HOMA;HOMA;1;23
1;C2;HOMA;HOMA;1;23
1;C3;HOMA;HOMA;1;23
1;C4;HOMA;HOMA;1;23
1;C5;HOMA;HOMA;1;23
1;C6;HOMA;HOMA;1;23
1;D1;HOMA;HOMA;1;23
1;D2;HOMA;HOMA;1;23
1;D3;HOMA;HOMA;1;23
1;D4;HOMA;HOMA;1;23
1;D5;HOMA;HOMA;1;23
1;D6;HOMA;HOMA;1;23
1;E1;HOMA;HOMA;1;23
1;E2;HOMA;HOMA;1;23
1;E3;HOMA;HOMA;1;23
1;E4;HOMA;HOMA;1;23
1;E5;HOMA;HOMA;1;23
1;E6;HOMA;HOMA;1;23
1;F1;HOMA;HOMA;1;23
1;F2;HOMA;HOMA;1;23
1;F3;HOMA;HOMA;1;23
1;F4;HOMA;HOMA;1;23
1;F5;HOMA;HOMA;1;23
1;F6;HOMA;HOMA;1;23
2;A1;HOMA;HOMA;1;23
2;A2;HOMA;HOMA;1;23
2;A3;HOMA;HOMA;1;23
2;A4;HOMA;HOMA;1;23
2;A5;HOMA;HOMA;1;23
2;A6;HOMA;HOMA;1;23
2;B1;HOMA;HOMA;1;23
2;B2;HOMA;HOMA;1;23
2;B3;HOMA;HOMA;1;23
2;B4;HOMA;HOMA;1;23
2;B5;HOMA;HOMA;1;23
2;B6;HOMA;HOMA;1;23
2;C1;HOMA;HOMA;1;23
2;C2;HOMA;HOMA;1;23
2;C3;HOMA;HOMA;1;23
2;C4;HOMA;HOMA;1;23
2;C5;HOMA;HOMA;1;23
2;C6;HOMA;HOMA;1;23
2;D1;HOMA;HOMA;1;23
2;D2;HOMA;HOMA;1;23
2;D3;HOMA;HOMA;1;23
2;D4;HOMA;HOMA;1;23
2;D5;HOMA;HOMA;1;23
2;D6;HOMA;HOMA;1;23
2;E1;HOMA;HOMA;1;23
2;E2;HOMA;HOMA;1;23
2;E3;HOMA;HOMA;1;23
2;E4;HOMA;HOMA;1;23
2;E5;HOMA;HOMA;1;23
2;E6;HOMA;HOMA;1;23
2;F1;HOMA;HOMA;1;23
2;F2;HOMA;HOMA;1;23
2;F3;HOMA;HOMA;1;23
2;F4;HOMA;HOMA;1;23
2;F5;HOMA;HOMA;1;23
2;F6;HOMA;HOMA;1;23
3;A1;HOMA;HOMA;1;23
3;A2;HOMA;HOMA;1;23
3;A3;HOMA;HOMA;1;23
3;A4;HOMA;HOMA;1;23
3;A5;HOMA;HOMA;1;23
3;A6;HOMA;HOMA;1;23
3;B1;HOMA;HOMA;1;23
3;B2;HOMA;HOMA;1;23
3;B3;HOMA;HOMA;1;23
3;B4;HOMA;HOMA;1;23
3;B5;HOMA;HOMA;1;23
3;B6;HOMA;HOMA;1;23
3;C1;HOMA;HOMA;1;23
3;C2;HOMA;HOMA;1;23
3;C3;HOMA;HOMA;1;23
3;C4;HOMA;HOMA;1;23
3;C5;HOMA;HOMA;1;23
3;C6;HOMA;HOMA;1;23
3;D1;HOMA;HOMA;1;23
3;D2;HOMA;HOMA;1;23
3;D3;HOMA;HOMA;1;23
3;D4;HOMA;HOMA;1;23
3;D5;HOMA;HOMA;1;23
3;D6;HOMA;HOMA;1;23
3;E1;HOMA;HOMA;1;23
3;E2;HOMA;HOMA;1;23
3;E3;HOMA;HOMA;1;23
3;E4;HOMA;HOMA;1;23
3;E5;HOMA;HOMA;1;23
3;E6;HOMA;HOMA;1;23
3;F1;HOMA;HOMA;1;23
3;F2;HOMA;HOMA;1;23
3;F3;HOMA;HOMA;1;23
3;F4;HOMA;HOMA;1;23
3;F5;HOMA;HOMA;1;23
3;F6;HOMA;HOMA;1;23
4;A1;HOMA;HOMA;1;23
4;A2;HOMA;HOMA;1;23
4;A3;HOMA;HOMA;1;23
4;A4;HOMA;HOMA;1;23
4;A5;HOMA;HOMA;1;23
4;A6;HOMA;HOMA;1;23
4;B1;HOMA;HOMA;1;23
4;B2;HOMA;HOMA;1;23
4;B3;HOMA;HOMA;1;23
4;B4;HOMA;HOMA;1;23
4;B5;HOMA;HOMA;1;23
4;B6;HOMA;HOMA;1;23
4;C1;HOMA;HOMA;1;23
4;C2;HOMA;HOMA;1;23
4;C3;HOMA;HOMA;1;23
4;C4;HOMA;HOMA;1;23
4;C5;HOMA;HOMA;1;23
4;C6;HOMA;HOMA;1;23
4;D1;HOMA;HOMA;1;23
4;D2;HOMA;HOMA;1;23
4;D3;HOMA;HOMA;1;23
4;D4;HOMA;HOMA;1;23
4;D5;HOMA;HOMA;1;23
4;D6;HOMA;HOMA;1;23
4;E1;HOMA;HOMA;1;23
4;E2;HOMA;HOMA;1;23
4;E3;HOMA;HOMA;1;23
4;E4;HOMA;HOMA;1;23
4;E5;HOMA;HOMA;1;23
4;E6;HOMA;HOMA;1;23
4;F1;HOMA;HOMA;1;23
4;F2;HOMA;HOMA;1;23
4;F3;HOMA;HOMA;1;23
4;F4;HOMA;HOMA;1;23
4;F5;HOMA;HOMA;1;23
4;F6;HOMA;HOMA;1;23
5;A1;HOMA;HOMA;1;23
5;A2;HOMA;HOMA;1;23
5;A3;HOMA;HOMA;1;23
5;A4;HOMA;HOMA;1;23
5;A5;HOMA;HOMA;1;23
5;A6;HOMA;HOMA;1;23
5;B1;HOMA;HOMA;1;23
5;B2;HOMA;HOMA;1;23
5;B3;HOMA;HOMA;1;23
5;B4;HOMA;HOMA;1;23
5;B5;HOMA;HOMA;1;23
5;B6;HOMA;HOMA;1;23
5;C1;HOMA;HOMA;1;23
5;C2;HOMA;HOMA;1;23
5;C3;HOMA;HOMA;1;23
5;C4;HOMA;HOMA;1;23
5;C5;HOMA;HOMA;1;23
5;C6;HOMA;HOMA;1;23
5;D1;HOMA;HOMA;1;23
5;D2;HOMA;HOMA;1;23
5;D3;HOMA;HOMA;1;23
5;D4;HOMA;HOMA;1;23
5;D5;HOMA;HOMA;1;23
5;D6;HOMA;HOMA;1;23
5;E1;HOMA;HOMA;1;23
5;E2;HOMA;HOMA;1;23
5;E3;HOMA;HOMA;1;23
5;E4;HOMA;HOMA;1;23
5;E5;HOMA;HOMA;1;23
5;E6;HOMA;HOMA;1;23
5;F1;HOMA;HOMA;1;23
5;F2;HOMA;HOMA;1;23
5;F3;HOMA;HOMA;1;23
5;F4;HOMA;HOMA;1;23
5;F5;HOMA;HOMA;1;23
5;F6;HOMA;HOMA;1;23
6;A1;HOMA;HOMA;1;23
6;A2;HOMA;HOMA;1;23
6;A3;HOMA;HOMA;1;23
6;A4;HOMA;HOMA;1;23
6;A5;HOMA;HOMA;1;23
6;A6;HOMA;HOMA;1;23
6;B1;HOMA;HOMA;1;23
6;B2;HOMA;HOMA;1;23
6;B3;HOMA;HOMA;1;23
6;B4;HOMA;HOMA;1;23
6;B5;HOMA;HOMA;1;23
6;B6;HOMA;HOMA;1;23
6;C1;HOMA;HOMA;1;23
6;C2;HOMA;HOMA;1;23
6;C3;HOMA;HOMA;1;23
6;C4;HOMA;HOMA;1;23
6;C5;HOMA;HOMA;1;23
6;C6;HOMA;HOMA;1;23
6;D1;HOMA;HOMA;1;23
6;D2;HOMA;HOMA;1;23
6;D3;HOMA;HOMA;1;23
6;D4;HOMA;HOMA;1;23
6;D5;HOMA;HOMA;1;23
6;D6;HOMA;HOMA;1;23
6;E1;HOMA;HOMA;1;23
6;E2;HOMA;HOMA;1;23
6;E3;HOMA;HOMA;1;23
6;E4;HOMA;HOMA;1;23
6;E5;HOMA;HOMA;1;23
6;E6;HOMA;HOMA;1;23
6;F1;HOMA;HOMA;1;23
6;F2;HOMA;HOMA;1;23
6;F3;HOMA;HOMA;1;23
6;F4;HOMA;HOMA;1;23
6;F5;HOMA;HOMA;1;23
6;F6;HOMA;HOMA;1;23
7;A1;HOMA;HOMA;0;0
7;A2;HOMA;HOMA;1;23
7;A3;HOMA;HOMA;0;0
7;A4;HOMA;HOMA;0;0
7;A5;HOMA;HOMA;0;0
7;A6;HOMA;HOMA;0;0
7;B1;HOMA;HOMA;0;0
7;B2;HOMA;HOMA;0;0
7;B3;HOMA;HOMA;0;0
7;B4;HOMA;HOMA;0;0
7;B5;HOMA;HOMA;0;0
7;B6;HOMA;HOMA;1;23
7;C1;HOMA;HOMA;0;0
7;C2;HOMA;HOMA;0;0
7;C3;HOMA;HOMA;0;0
7;C4;HOMA;HOMA;0;0
7;C5;HOMA;HOMA;0;0
7;C6;HOMA;HOMA;0;0
7;D1;HOMA;HOMA;0;0
7;D2;HOMA;HOMA;0;0
7;D3;HOMA;HOMA;0;0
7;D4;HOMA;HOMA;0;0
7;D5;HOMA;HOMA;0;0
7;D6;HOMA;HOMA;0;0
7;E1;HOMA;HOMA;0;0
7;E2;HOMA;HOMA;0;0
7;E3;HOMA;HOMA;0;0
7;E4;HOMA;HOMA;0;0
7;E5;HOMA;HOMA;0;0
7;E6;HOMA;HOMA;1;23
7;F1;HOMA;HOMA;0;0
7;F2;HOMA;HOMA;0;0
7;F3;HOMA;HOMA;0;0
7;F4;HOMA;HOMA;0;0
7;F5;HOMA;HOMA;0;0
7;F6;HOMA;HOMA;0;0
8;A1;HOMA;HOMA;0;0
8;A2;HOMA;HOMA;0;0
8;A3;HOMA;HOMA;0;0
8;A4;HOMA;HOMA;0;0
8;A5;HOMA;HOMA;0;0
8;A6;HOMA;HOMA;0;0
8;B1;HOMA;HOMA;0;0
8;B2;HOMA;HOMA;0;0
8;B3;HOMA;HOMA;0;0
8;B4;HOMA;HOMA;0;0
8;B5;HOMA;HOMA;0;0
8;B6;HOMA;HOMA;0;0
8;C1;HOMA;HOMA;0;0
8;C2;HOMA;HOMA;1;23
8;C3;HOMA;HOMA;0;0
8;C4;HOMA;HOMA;0;0
8;C5;HOMA;HOMA;0;0
8;C6;HOMA;HOMA;1;23
8;D1;HOMA;HOMA;0;0
8;D2;HOMA;HOMA;0;0
8;D3;HOMA;HOMA;1;23
8;D4;HOMA;HOMA;1;23
8;D5;HOMA;HOMA;0;0
8;D6;HOMA;HOMA;0;0
8;E1;HOMA;HOMA;0;0
8;E2;HOMA;HOMA;1;23
8;E3;HOMA;HOMA;0;0
8;E4;HOMA;HOMA;1;23
8;E5;HOMA;HOMA;0;0
8;E6;HOMA;HOMA;0;0
8;F1;HOMA;HOMA;0;0
8;F2;HOMA;HOMA;0;0
8;F3;HOMA;HOMA;1;23
8;F4;HOMA;HOMA;1;23
8;F5;HOMA;HOMA;0;0
8;F6;HOMA;HOMA;0;0
9;A1;HOMA;HOMA;0;0
9;A2;HOMA;HOMA;0;0
9;A3;HOMA;HOMA;0;0
9;A4;HOMA;HOMA;0;0
9;A5;HOMA;HOMA;0;0
9;A6;HOMA;HOMA;0;0
9;B1;HOMA;HOMA;1;23
9;B2;HOMA;HOMA;0;0
9;B3;HOMA;HOMA;0;0
9;B4;HOMA;HOMA;0;0
9;B5;HOMA;HOMA;0;0
9;B6;HOMA;HOMA;0;0
9;C1;HOMA;HOMA;1;23
9;C2;HOMA;HOMA;1;23
9;C3;HOMA;HOMA;1;23
9;C4;HOMA;HOMA;0;0
9;C5;HOMA;HOMA;0;0
9;C6;HOMA;HOMA;0;0
9;D1;HOMA;HOMA;1;23
9;D2;HOMA;HOMA;1;23
9;D3;HOMA;HOMA;1;23
9;D4;HOMA;HOMA;1;23
9;D5;HOMA;HOMA;0;0
9;D6;HOMA;HOMA;0;0
9;E1;HOMA;HOMA;1;23
9;E2;HOMA;HOMA;1;23
9;E3;HOMA;HOMA;1;23
9;E4;HOMA;HOMA;1;23
9;E5;HOMA;HOMA;1;23
9;E6;HOMA;HOMA;1;23
9;F1;HOMA;HOMA;1;23
9;F2;HOMA;HOMA;1;23
9;F3;HOMA;HOMA;1;23
9;F4;HOMA;HOMA;1;23
9;F5;HOMA;HOMA;1;23
9;F6;HOMA;HOMA;1;23
1;A1;LEMA;LEMA;3;192
1;A2;LEMA;LEMA;2;128
1;A3;LEMA;LEMA;2;128
1;A4;LEMA;LEMA;2;128
1;A5;LEMA;LEMA;4;256
1;A6;LEMA;LEMA;2;128
1;B1;LEMA;LEMA;2;128
1;B2;LEMA;LEMA;2;128
1;B3;LEMA;LEMA;2;128
1;B4;LEMA;LEMA;3;192
1;B5;LEMA;LEMA;6;384
1;B6;LEMA;LEMA;3;192
1;C1;LEMA;LEMA;2;128
1;C2;LEMA;LEMA;2;128
1;C3;LEMA;LEMA;2;128
1;C4;LEMA;LEMA;2;128
1;C5;LEMA;LEMA;1;64
1;C6;LEMA;LEMA;2;128
1;D1;LEMA;LEMA;3;192
1;D2;LEMA;LEMA;3;192
1;D3;LEMA;LEMA;2;128
1;D4;LEMA;LEMA;3;192
1;D5;LEMA;LEMA;2;128
1;D6;LEMA;LEMA;2;128
1;E1;LEMA;LEMA;3;192
1;E2;LEMA;LEMA;4;256
1;E3;LEMA;LEMA;3;192
1;E4;LEMA;LEMA;4;256
1;E5;LEMA;LEMA;3;192
1;E6;LEMA;LEMA;4;256
1;F1;LEMA;LEMA;2;128
1;F2;LEMA;LEMA;2;128
1;F3;LEMA;LEMA;2;128
1;F4;LEMA;LEMA;3;192
1;F5;LEMA;LEMA;4;256
1;F6;LEMA;LEMA;3;192
2;A1;LEMA;LEMA;2;128
2;A2;LEMA;LEMA;3;192
2;A3;LEMA;LEMA;1;64
2;A4;LEMA;LEMA;3;192
2;A5;LEMA;LEMA;3;192
2;A6;LEMA;LEMA;5;320
2;B1;LEMA;LEMA;3;192
2;B2;LEMA;LEMA;2;128
2;B3;LEMA;LEMA;2;128
2;B4;LEMA;LEMA;3;192
2;B5;LEMA;LEMA;3;192
2;B6;LEMA;LEMA;4;256
2;C1;LEMA;LEMA;5;320
2;C2;LEMA;LEMA;4;256
2;C3;LEMA;LEMA;6;384
2;C4;LEMA;LEMA;3;192
2;C5;LEMA;LEMA;8;512
2;C6;LEMA;LEMA;6;384
2;D1;LEMA;LEMA;6;384
2;D2;LEMA;LEMA;3;192
2;D3;LEMA;LEMA;3;192
2;D4;LEMA;LEMA;2;128
2;D5;LEMA;LEMA;3;192
2;D6;LEMA;LEMA;6;384
2;E1;LEMA;LEMA;3;192
2;E2;LEMA;LEMA;4;256
2;E3;LEMA;LEMA;2;128
2;E4;LEMA;LEMA;2;128
2;E5;LEMA;LEMA;2;128
2;E6;LEMA;LEMA;6;384
2;F1;LEMA;LEMA;3;192
2;F2;LEMA;LEMA;2;128
2;F3;LEMA;LEMA;4;256
2;F4;LEMA;LEMA;6;384
2;F5;LEMA;LEMA;4;256
2;F6;LEMA;LEMA;4;256
3;A1;LEMA;LEMA;2;128
3;A2;LEMA;LEMA;2;128
3;A3;LEMA;LEMA;2;128
3;A4;LEMA;LEMA;1;64
3;A5;LEMA;LEMA;1;64
3;A6;LEMA;LEMA;1;64
3;B1;LEMA;LEMA;2;128
3;B2;LEMA;LEMA;1;64
3;B3;LEMA;LEMA;1;64
3;B4;LEMA;LEMA;1;64
3;B5;LEMA;LEMA;2;128
3;B6;LEMA;LEMA;1;64
3;C1;LEMA;LEMA;1;64
3;C2;LEMA;LEMA;1;64
3;C3;LEMA;LEMA;1;64
3;C4;LEMA;LEMA;1;64
3;C5;LEMA;LEMA;1;64
3;C6;LEMA;LEMA;1;64
3;D1;LEMA;LEMA;1;64
3;D2;LEMA;LEMA;1;64
3;D3;LEMA;LEMA;1;64
3;D4;LEMA;LEMA;1;64
3;D5;LEMA;LEMA;1;64
3;D6;LEMA;LEMA;1;64
3;E1;LEMA;LEMA;1;64
3;E2;LEMA;LEMA;1;64
3;E3;LEMA;LEMA;2;128
3;E4;LEMA;LEMA;2;128
3;E5;LEMA;LEMA;2;128
3;E6;LEMA;LEMA;2;128
3;F1;LEMA;LEMA;2;128
3;F2;LEMA;LEMA;2;128
3;F3;LEMA;LEMA;1;64
3;F4;LEMA;LEMA;3;192
3;F5;LEMA;LEMA;2;128
3;F6;LEMA;LEMA;2;128
4;A1;LEMA;LEMA;2;128
4;A2;LEMA;LEMA;3;192
4;A3;LEMA;LEMA;7;448
4;A4;LEMA;LEMA;3;192
4;A5;LEMA;LEMA;3;192
4;A6;LEMA;LEMA;2;128
4;B1;LEMA;LEMA;3;192
4;B2;LEMA;LEMA;7;448
4;B3;LEMA;LEMA;6;384
4;B4;LEMA;LEMA;9;576
4;B5;LEMA;LEMA;3;192
4;B6;LEMA;LEMA;0;0
4;C1;LEMA;LEMA;3;192
4;C2;LEMA;LEMA;7;448
4;C3;LEMA;LEMA;7;448
4;C4;LEMA;LEMA;2;128
4;C5;LEMA;LEMA;2;128
4;C6;LEMA;LEMA;3;192
4;D1;LEMA;LEMA;2;128
4;D2;LEMA;LEMA;1;64
4;D3;LEMA;LEMA;2;128
4;D4;LEMA;LEMA;4;256
4;D5;LEMA;LEMA;3;192
4;D6;LEMA;LEMA;0;0
4;E1;LEMA;LEMA;5;320
4;E2;LEMA;LEMA;4;256
4;E3;LEMA;LEMA;12;768
4;E4;LEMA;LEMA;3;192
4;E5;LEMA;LEMA;4;256
4;E6;LEMA;LEMA;3;192
4;F1;LEMA;LEMA;14;896
4;F2;LEMA;LEMA;2;128
4;F3;LEMA;LEMA;6;384
4;F4;LEMA;LEMA;3;192
4;F5;LEMA;LEMA;3;192
4;F6;LEMA;LEMA;9;576
5;A1;LEMA;LEMA;2;128
5;A2;LEMA;LEMA;2;128
5;A3;LEMA;LEMA;5;320
5;A4;LEMA;LEMA;6;384
5;A5;LEMA;LEMA;3;192
5;A6;LEMA;LEMA;3;192
5;B1;LEMA;LEMA;3;192
5;B2;LEMA;LEMA;4;256
5;B3;LEMA;LEMA;3;192
5;B4;LEMA;LEMA;4;256
5;B5;LEMA;LEMA;2;128
5;B6;LEMA;LEMA;3;192
5;C1;LEMA;LEMA;3;192
5;C2;LEMA;LEMA;4;256
5;C3;LEMA;LEMA;3;192
5;C4;LEMA;LEMA;2;128
5;C5;LEMA;LEMA;2;128
5;C6;LEMA;LEMA;3;192
5;D1;LEMA;LEMA;3;192
5;D2;LEMA;LEMA;14;896
5;D3;LEMA;LEMA;2;128
5;D4;LEMA;LEMA;5;320
5;D5;LEMA;LEMA;2;128
5;D6;LEMA;LEMA;5;320
5;E1;LEMA;LEMA;11;704
5;E2;LEMA;LEMA;8;512
5;E3;LEMA;LEMA;5;320
5;E4;LEMA;LEMA;5;320
5;E5;LEMA;LEMA;6;384
5;E6;LEMA;LEMA;4;256
5;F1;LEMA;LEMA;3;192
5;F2;LEMA;LEMA;5;320
5;F3;LEMA;LEMA;3;192
5;F4;LEMA;LEMA;10;640
5;F5;LEMA;LEMA;9;576
5;F6;LEMA;LEMA;2;128
6;A1;LEMA;LEMA;0;0
6;A2;LEMA;LEMA;2;128
6;A3;LEMA;LEMA;1;64
6;A4;LEMA;LEMA;1;64
6;A5;LEMA;LEMA;2;128
6;A6;LEMA;LEMA;2;128
6;B1;LEMA;LEMA;3;192
6;B2;LEMA;LEMA;2;128
6;B3;LEMA;LEMA;1;64
6;B4;LEMA;LEMA;2;128
6;B5;LEMA;LEMA;2;128
6;B6;LEMA;LEMA;2;128
6;C1;LEMA;LEMA;5;320
6;C2;LEMA;LEMA;4;256
6;C3;LEMA;LEMA;4;256
6;C4;LEMA;LEMA;3;192
6;C5;LEMA;LEMA;4;256
6;C6;LEMA;LEMA;5;320
6;D1;LEMA;LEMA;3;192
6;D2;LEMA;LEMA;2;128
6;D3;LEMA;LEMA;3;192
6;D4;LEMA;LEMA;4;256
6;D5;LEMA;LEMA;1;64
6;D6;LEMA;LEMA;4;256
6;E1;LEMA;LEMA;1;64
6;E2;LEMA;LEMA;4;256
6;E3;LEMA;LEMA;2;128
6;E4;LEMA;LEMA;2;128
6;E5;LEMA;LEMA;1;64
6;E6;LEMA;LEMA;2;128
6;F1;LEMA;LEMA;5;320
6;F2;LEMA;LEMA;3;192
6;F3;LEMA;LEMA;5;320
6;F4;LEMA;LEMA;2;128
6;F5;LEMA;LEMA;6;384
6;F6;LEMA;LEMA;3;192
7;A1;LEMA;LEMA;6;384
7;A2;LEMA;LEMA;4;256
7;A3;LEMA;LEMA;5;320
7;A4;LEMA;LEMA;5;320
7;A5;LEMA;LEMA;6;384
7;A6;LEMA;LEMA;10;640
7;B1;LEMA;LEMA;4;256
7;B2;LEMA;LEMA;6;384
7;B3;LEMA;LEMA;4;256
7;B4;LEMA;LEMA;7;448
7;B5;LEMA;LEMA;5;320
7;B6;LEMA;LEMA;5;320
7;C1;LEMA;LEMA;7;448
7;C2;LEMA;LEMA;6;384
7;C3;LEMA;LEMA;9;576
7;C4;LEMA;LEMA;7;448
7;C5;LEMA;LEMA;6;384
7;C6;LEMA;LEMA;5;320
7;D1;LEMA;LEMA;5;320
7;D2;LEMA;LEMA;2;128
7;D3;LEMA;LEMA;7;448
7;D4;LEMA;LEMA;5;320
7;D5;LEMA;LEMA;6;384
7;D6;LEMA;LEMA;3;192
7;E1;LEMA;LEMA;0;0
7;E2;LEMA;LEMA;5;320
7;E3;LEMA;LEMA;6;384
7;E4;LEMA;LEMA;5;320
7;E5;LEMA;LEMA;9;576
7;E6;LEMA;LEMA;7;448
7;F1;LEMA;LEMA;4;256
7;F2;LEMA;LEMA;3;192
7;F3;LEMA;LEMA;4;256
7;F4;LEMA;LEMA;4;256
7;F5;LEMA;LEMA;3;192
7;F6;LEMA;LEMA;0;0
8;A1;LEMA;LEMA;0;0
8;A2;LEMA;LEMA;3;192
8;A3;LEMA;LEMA;3;192
8;A4;LEMA;LEMA;5;320
8;A5;LEMA;LEMA;2;128
8;A6;LEMA;LEMA;0;0
8;B1;LEMA;LEMA;8;512
8;B2;LEMA;LEMA;5;320
8;B3;LEMA;LEMA;3;192
8;B4;LEMA;LEMA;6;384
8;B5;LEMA;LEMA;3;192
8;B6;LEMA;LEMA;4;256
8;C1;LEMA;LEMA;3;192
8;C2;LEMA;LEMA;6;384
8;C3;LEMA;LEMA;10;640
8;C4;LEMA;LEMA;5;320
8;C5;LEMA;LEMA;0;0
8;C6;LEMA;LEMA;6;384
8;D1;LEMA;LEMA;5;320
8;D2;LEMA;LEMA;8;512
8;D3;LEMA;LEMA;3;192
8;D4;LEMA;LEMA;2;128
8;D5;LEMA;LEMA;4;256
8;D6;LEMA;LEMA;4;256
8;E1;LEMA;LEMA;6;384
8;E2;LEMA;LEMA;5;320
8;E3;LEMA;LEMA;4;256
8;E4;LEMA;LEMA;5;320
8;E5;LEMA;LEMA;3;192
8;E6;LEMA;LEMA;6;384
8;F1;LEMA;LEMA;3;192
8;F2;LEMA;LEMA;2;128
8;F3;LEMA;LEMA;0;0
8;F4;LEMA;LEMA;3;192
8;F5;LEMA;LEMA;5;320
8;F6;LEMA;LEMA;3;192
9;A1;LEMA;LEMA;2;128
9;A2;LEMA;LEMA;2;128
9;A3;LEMA;LEMA;2;128
9;A4;LEMA;LEMA;0;0
9;A5;LEMA;LEMA;0;0
9;A6;LEMA;LEMA;4;256
9;B1;LEMA;LEMA;4;256
9;B2;LEMA;LEMA;2;128
9;B3;LEMA;LEMA;2;128
9;B4;LEMA;LEMA;2;128
9;B5;LEMA;LEMA;1;64
9;B6;LEMA;LEMA;2;128
9;C1;LEMA;LEMA;1;64
9;C2;LEMA;LEMA;1;64
9;C3;LEMA;LEMA;2;128
9;C4;LEMA;LEMA;1;64
9;C5;LEMA;LEMA;1;64
9;C6;LEMA;LEMA;1;64
9;D1;LEMA;LEMA;1;64
9;D2;LEMA;LEMA;0;0
9;D3;LEMA;LEMA;0;0
9;D4;LEMA;LEMA;2;128
9;D5;LEMA;LEMA;3;192
9;D6;LEMA;LEMA;1;64
9;E1;LEMA;LEMA;0;0
9;E2;LEMA;LEMA;1;64
9;E3;LEMA;LEMA;0;0
9;E4;LEMA;LEMA;2;128
9;E5;LEMA;LEMA;1;64
9;E6;LEMA;LEMA;2;128
9;F1;LEMA;LEMA;0;0
9;F2;LEMA;LEMA;0;0
9;F3;LEMA;LEMA;0;0
9;F4;LEMA;LEMA;0;0
9;F5;LEMA;LEMA;0;0
9;F6;LEMA;LEMA;0;0
1;A1;MEEL;ME;0;0
1;A2;MEEL;ME;0;0
1;A3;MEEL;ME;0;0
1;A4;MEEL;ME;0;0
1;A5;MEEL;ME;0;0
1;A6;MEEL;ME;0;0
1;B1;MEEL;ME;0;0
1;B2;MEEL;ME;0;0
1;B3;MEEL;ME;0;0
1;B4;MEEL;ME;0;0
1;B5;MEEL;ME;0;0
1;B6;MEEL;ME;0;0
1;C1;MEEL;ME;0;0
1;C2;MEEL;ME;0;0
1;C3;MEEL;ME;0;0
1;C4;MEEL;ME;0;0
1;C5;MEEL;ME;0;0
1;C6;MEEL;ME;0;0
1;D1;MEEL;ME;0;0
1;D2;MEEL;ME;0;0
1;D3;MEEL;ME;0;0
1;D4;MEEL;ME;0;0
1;D5;MEEL;ME;10;10
1;D5;MEEL;ME;12;12
1;D6;MEEL;ME;0;0
1;E1;MEEL;ME;0;0
1;E2;MEEL;ME;0;0
1;E3;MEEL;ME;0;0
1;E4;MEEL;ME;0;0
1;E5;MEEL;ME;0;0
1;E6;MEEL;ME;0;0
1;F1;MEEL;ME;0;0
1;F2;MEEL;ME;0;0
1;F3;MEEL;ME;0;0
1;F4;MEEL;ME;0;0
1;F5;MEEL;ME;0;0
1;F6;MEEL;ME;0;0
2;A1;MEEL;ME;0;0
2;A2;MEEL;ME;0;0
2;A3;MEEL;ME;0;0
2;A4;MEEL;ME;0;0
2;A5;MEEL;ME;0;0
2;A6;MEEL;ME;0;0
2;B1;MEEL;ME;0;0
2;B2;MEEL;ME;0;0
2;B3;MEEL;ME;0;0
2;B4;MEEL;ME;0;0
2;B5;MEEL;ME;0;0
2;B6;MEEL;ME;0;0
2;C1;MEEL;ME;0;0
2;C2;MEEL;ME;0;0
2;C3;MEEL;ME;0;0
2;C4;MEEL;ME;0;0
2;C5;MEEL;ME;0;0
2;C6;MEEL;ME;0;0
2;D1;MEEL;ME;0;0
2;D2;MEEL;ME;0;0
2;D3;MEEL;ME;0;0
2;D4;MEEL;ME;0;0
2;D5;MEEL;ME;0;0
2;D6;MEEL;ME;0;0
2;E1;MEEL;ME;0;0
2;E2;MEEL;ME;0;0
2;E3;MEEL;ME;0;0
2;E4;MEEL;ME;0;0
2;E5;MEEL;ME;0;0
2;E6;MEEL;ME;20;20
2;F1;MEEL;ME;0;0
2;F2;MEEL;ME;0;0
2;F3;MEEL;ME;0;0
2;F4;MEEL;ME;0;0
2;F5;MEEL;ME;0;0
2;F6;MEEL;ME;0;0
3;A1;MEEL;ME;0;0
3;A2;MEEL;ME;0;0
3;A3;MEEL;ME;0;0
3;A4;MEEL;ME;0;0
3;A5;MEEL;ME;0;0
3;A6;MEEL;ME;0;0
3;B1;MEEL;ME;0;0
3;B2;MEEL;ME;0;0
3;B3;MEEL;ME;0;0
3;B4;MEEL;ME;0;0
3;B5;MEEL;ME;0;0
3;B6;MEEL;ME;0;0
3;C1;MEEL;ME;0;0
3;C2;MEEL;ME;0;0
3;C3;MEEL;ME;0;0
3;C4;MEEL;ME;0;0
3;C5;MEEL;ME;0;0
3;C6;MEEL;ME;0;0
3;D1;MEEL;ME;0;0
3;D2;MEEL;ME;0;0
3;D3;MEEL;ME;0;0
3;D4;MEEL;ME;0;0
3;D5;MEEL;ME;0;0
3;D6;MEEL;ME;0;0
3;E1;MEEL;ME;0;0
3;E2;MEEL;ME;0;0
3;E3;MEEL;ME;0;0
3;E4;MEEL;ME;0;0
3;E5;MEEL;ME;0;0
3;E6;MEEL;ME;0;0
3;F1;MEEL;ME;0;0
3;F2;MEEL;ME;0;0
3;F3;MEEL;ME;0;0
3;F4;MEEL;ME;0;0
3;F5;MEEL;ME;0;0
3;F6;MEEL;ME;0;0
4;A1;MEEL;ME;0;0
4;A2;MEEL;ME;0;0
4;A3;MEEL;ME;0;0
4;A4;MEEL;ME;0;0
4;A5;MEEL;ME;0;0
4;A6;MEEL;ME;0;0
4;B1;MEEL;ME;0;0
4;B2;MEEL;ME;0;0
4;B3;MEEL;ME;0;0
4;B4;MEEL;ME;0;0
4;B5;MEEL;ME;0;0
4;B6;MEEL;ME;0;0
4;C1;MEEL;ME;0;0
4;C2;MEEL;ME;0;0
4;C3;MEEL;ME;0;0
4;C4;MEEL;ME;0;0
4;C5;MEEL;ME;0;0
4;C6;MEEL;ME;0;0
4;D1;MEEL;ME;0;0
4;D2;MEEL;ME;0;0
4;D3;MEEL;ME;0;0
4;D4;MEEL;ME;0;0
4;D5;MEEL;ME;0;0
4;D6;MEEL;ME;0;0
4;E1;MEEL;ME;0;0
4;E2;MEEL;ME;0;0
4;E3;MEEL;ME;0;0
4;E4;MEEL;ME;0;0
4;E5;MEEL;ME;0;0
4;E6;MEEL;ME;0;0
4;F1;MEEL;ME;0;0
4;F2;MEEL;ME;0;0
4;F3;MEEL;ME;0;0
4;F4;MEEL;ME;0;0
4;F5;MEEL;ME;0;0
4;F6;MEEL;ME;0;0
5;A1;MEEL;ME;0;0
5;A2;MEEL;ME;0;0
5;A3;MEEL;ME;0;0
5;A4;MEEL;ME;0;0
5;A5;MEEL;ME;0;0
5;A6;MEEL;ME;0;0
5;B1;MEEL;ME;0;0
5;B2;MEEL;ME;0;0
5;B3;MEEL;ME;0;0
5;B4;MEEL;ME;0;0
5;B5;MEEL;ME;0;0
5;B6;MEEL;ME;0;0
5;C1;MEEL;ME;0;0
5;C2;MEEL;ME;0;0
5;C3;MEEL;ME;0;0
5;C4;MEEL;ME;0;0
5;C5;MEEL;ME;0;0
5;C6;MEEL;ME;0;0
5;D1;MEEL;ME;0;0
5;D2;MEEL;ME;0;0
5;D3;MEEL;ME;0;0
5;D4;MEEL;ME;0;0
5;D5;MEEL;ME;0;0
5;D6;MEEL;ME;0;0
5;E1;MEEL;ME;0;0
5;E2;MEEL;ME;0;0
5;E3;MEEL;ME;0;0
5;E4;MEEL;ME;0;0
5;E5;MEEL;ME;0;0
5;E6;MEEL;ME;0;0
5;F1;MEEL;ME;0;0
5;F2;MEEL;ME;30;30
5;F3;MEEL;ME;0;0
5;F4;MEEL;ME;0;0
5;F5;MEEL;ME;0;0
5;F6;MEEL;ME;0;0
6;A1;MEEL;ME;0;0
6;A2;MEEL;ME;0;0
6;A3;MEEL;ME;0;0
6;A4;MEEL;ME;0;0
6;A5;MEEL;ME;0;0
6;A6;MEEL;ME;0;0
6;B1;MEEL;ME;0;0
6;B2;MEEL;ME;0;0
6;B3;MEEL;ME;0;0
6;B4;MEEL;ME;0;0
6;B5;MEEL;ME;0;0
6;B6;MEEL;ME;0;0
6;C1;MEEL;ME;0;0
6;C2;MEEL;ME;0;0
6;C3;MEEL;ME;0;0
6;C4;MEEL;ME;0;0
6;C5;MEEL;ME;0;0
6;C6;MEEL;ME;0;0
6;D1;MEEL;ME;0;0
6;D2;MEEL;ME;0;0
6;D3;MEEL;ME;0;0
6;D4;MEEL;ME;0;0
6;D5;MEEL;ME;0;0
6;D6;MEEL;ME;0;0
6;E1;MEEL;ME;0;0
6;E2;MEEL;ME;0;0
6;E3;MEEL;ME;0;0
6;E4;MEEL;ME;0;0
6;E5;MEEL;ME;0;0
6;E6;MEEL;ME;0;0
6;F1;MEEL;ME;0;0
6;F2;MEEL;ME;0;0
6;F3;MEEL;ME;0;0
6;F4;MEEL;ME;0;0
6;F5;MEEL;ME;0;0
6;F6;MEEL;ME;0;0
7;A1;MEEL;ME;0;0
7;A2;MEEL;ME;0;0
7;A3;MEEL;ME;0;0
7;A4;MEEL;ME;0;0
7;A5;MEEL;ME;0;0
7;A6;MEEL;ME;0;0
7;B1;MEEL;ME;0;0
7;B2;MEEL;ME;0;0
7;B3;MEEL;ME;0;0
7;B4;MEEL;ME;0;0
7;B5;MEEL;ME;0;0
7;B6;MEEL;ME;0;0
7;C1;MEEL;ME;0;0
7;C2;MEEL;ME;0;0
7;C3;MEEL;ME;0;0
7;C4;MEEL;ME;0;0
7;C5;MEEL;ME;0;0
7;C6;MEEL;ME;0;0
7;D1;MEEL;ME;0;0
7;D2;MEEL;ME;0;0
7;D3;MEEL;ME;0;0
7;D4;MEEL;ME;0;0
7;D5;MEEL;ME;0;0
7;D6;MEEL;ME;0;0
7;E1;MEEL;ME;0;0
7;E2;MEEL;ME;0;0
7;E3;MEEL;ME;0;0
7;E4;MEEL;ME;0;0
7;E5;MEEL;ME;0;0
7;E6;MEEL;ME;0;0
7;F1;MEEL;ME;0;0
7;F2;MEEL;ME;0;0
7;F3;MEEL;ME;0;0
7;F4;MEEL;ME;0;0
7;F5;MEEL;ME;0;0
7;F6;MEEL;ME;0;0
8;A1;MEEL;ME;0;0
8;A2;MEEL;ME;0;0
8;A3;MEEL;ME;0;0
8;A4;MEEL;ME;0;0
8;A5;MEEL;ME;0;0
8;A6;MEEL;ME;0;0
8;B1;MEEL;ME;0;0
8;B2;MEEL;ME;0;0
8;B3;MEEL;ME;0;0
8;B4;MEEL;ME;0;0
8;B5;MEEL;ME;0;0
8;B6;MEEL;ME;0;0
8;C1;MEEL;ME;0;0
8;C2;MEEL;ME;0;0
8;C3;MEEL;ME;0;0
8;C4;MEEL;ME;0;0
8;C5;MEEL;ME;0;0
8;C6;MEEL;ME;0;0
8;D1;MEEL;ME;0;0
8;D2;MEEL;ME;0;0
8;D3;MEEL;ME;0;0
8;D4;MEEL;ME;0;0
8;D5;MEEL;ME;0;0
8;D6;MEEL;ME;0;0
8;E1;MEEL;ME;0;0
8;E2;MEEL;ME;0;0
8;E3;MEEL;ME;0;0
8;E4;MEEL;ME;0;0
8;E5;MEEL;ME;0;0
8;E6;MEEL;ME;0;0
8;F1;MEEL;ME;0;0
8;F2;MEEL;ME;0;0
8;F3;MEEL;ME;0;0
8;F4;MEEL;ME;0;0
8;F5;MEEL;ME;0;0
8;F6;MEEL;ME;0;0
9;A1;MEEL;ME;0;0
9;A2;MEEL;ME;0;0
9;A3;MEEL;ME;0;0
9;A4;MEEL;ME;0;0
9;A5;MEEL;ME;0;0
9;A6;MEEL;ME;0;0
9;B1;MEEL;ME;0;0
9;B2;MEEL;ME;0;0
9;B3;MEEL;ME;0;0
9;B4;MEEL;ME;0;0
9;B5;MEEL;ME;0;0
9;B6;MEEL;ME;0;0
9;C1;MEEL;ME;0;0
9;C2;MEEL;ME;0;0
9;C3;MEEL;ME;0;0
9;C4;MEEL;ME;0;0
9;C5;MEEL;ME;0;0
9;C6;MEEL;ME;0;0
9;D1;MEEL;ME;0;0
9;D2;MEEL;ME;0;0
9;D3;MEEL;ME;0;0
9;D4;MEEL;ME;0;0
9;D5;MEEL;ME;0;0
9;D6;MEEL;ME;0;0
9;E1;MEEL;ME;0;0
9;E2;MEEL;ME;0;0
9;E3;MEEL;ME;0;0
9;E4;MEEL;ME;0;0
9;E5;MEEL;ME;0;0
9;E6;MEEL;ME;0;0
9;F1;MEEL;ME;0;0
9;F2;MEEL;ME;0;0
9;F3;MEEL;ME;0;0
9;F4;MEEL;ME;0;0
9;F5;MEEL;ME;0;0
9;F6;MEEL;ME;0;0
1;A1;MESU;ME;0;0
1;A2;MESU;ME;0;0
1;A3;MESU;ME;0;0
1;A4;MESU;ME;0;0
1;A5;MESU;ME;0;0
1;A6;MESU;ME;0;0
1;B1;MESU;ME;0;0
1;B2;MESU;ME;0;0
1;B3;MESU;ME;0;0
1;B4;MESU;ME;0;0
1;B5;MESU;ME;0;0
1;B6;MESU;ME;0;0
1;C1;MESU;ME;0;0
1;C2;MESU;ME;0;0
1;C3;MESU;ME;0;0
1;C4;MESU;ME;0;0
1;C5;MESU;ME;0;0
1;C6;MESU;ME;0;0
1;D1;MESU;ME;0;0
1;D2;MESU;ME;0;0
1;D3;MESU;ME;0;0
1;D4;MESU;ME;0;0
1;D5;MESU;ME;140;140
1;D6;MESU;ME;0;0
1;E1;MESU;ME;0;0
1;E2;MESU;ME;0;0
1;E3;MESU;ME;0;0
1;E4;MESU;ME;200;200
1;E5;MESU;ME;140;140
1;E6;MESU;ME;0;0
1;F1;MESU;ME;120;120
1;F2;MESU;ME;0;0
1;F3;MESU;ME;0;0
1;F4;MESU;ME;180;180
1;F5;MESU;ME;220;220
1;F6;MESU;ME;110;110
2;A1;MESU;ME;0;0
2;A2;MESU;ME;0;0
2;A3;MESU;ME;0;0
2;A4;MESU;ME;120;120
2;A5;MESU;ME;220;220
2;A6;MESU;ME;180;180
2;B1;MESU;ME;200;200
2;B2;MESU;ME;140;140
2;B3;MESU;ME;0;0
2;B4;MESU;ME;160;160
2;B5;MESU;ME;120;120
2;B6;MESU;ME;0;0
2;C1;MESU;ME;180;180
2;C2;MESU;ME;0;0
2;C3;MESU;ME;0;0
2;C4;MESU;ME;140;140
2;C5;MESU;ME;250;250
2;C6;MESU;ME;0;0
2;D1;MESU;ME;300;300
2;D2;MESU;ME;140;140
2;D3;MESU;ME;150;150
2;D4;MESU;ME;240;240
2;D5;MESU;ME;260;260
2;D6;MESU;ME;0;0
2;E1;MESU;ME;180;180
2;E2;MESU;ME;140;140
2;E3;MESU;ME;260;260
2;E4;MESU;ME;240;240
2;E5;MESU;ME;240;240
2;E6;MESU;ME;140;140
2;F1;MESU;ME;180;180
2;F2;MESU;ME;120;120
2;F3;MESU;ME;140;140
2;F4;MESU;ME;0;0
2;F5;MESU;ME;280;280
2;F6;MESU;ME;240;240
3;A1;MESU;ME;0;0
3;A2;MESU;ME;0;0
3;A3;MESU;ME;0;0
3;A4;MESU;ME;0;0
3;A5;MESU;ME;0;0
3;A6;MESU;ME;0;0
3;B1;MESU;ME;0;0
3;B2;MESU;ME;0;0
3;B3;MESU;ME;0;0
3;B4;MESU;ME;0;0
3;B5;MESU;ME;0;0
3;B6;MESU;ME;80;80
3;B6;MESU;ME;60;60
3;B6;MESU;ME;50;50
3;C1;MESU;ME;0;0
3;C2;MESU;ME;0;0
3;C3;MESU;ME;380;380
3;C4;MESU;ME;180;180
3;C5;MESU;ME;150;150
3;C6;MESU;ME;100;100
3;D1;MESU;ME;0;0
3;D2;MESU;ME;0;0
3;D3;MESU;ME;280;280
3;D4;MESU;ME;0;0
3;D5;MESU;ME;0;0
3;D6;MESU;ME;0;0
3;E1;MESU;ME;0;0
3;E2;MESU;ME;0;0
3;E3;MESU;ME;0;0
3;E4;MESU;ME;0;0
3;E5;MESU;ME;0;0
3;E6;MESU;ME;0;0
3;F1;MESU;ME;0;0
3;F2;MESU;ME;0;0
3;F3;MESU;ME;0;0
3;F4;MESU;ME;0;0
3;F5;MESU;ME;0;0
3;F6;MESU;ME;0;0
4;A1;MESU;ME;0;0
4;A2;MESU;ME;0;0
4;A3;MESU;ME;0;0
4;A4;MESU;ME;0;0
4;A5;MESU;ME;0;0
4;A6;MESU;ME;0;0
4;B1;MESU;ME;0;0
4;B2;MESU;ME;0;0
4;B3;MESU;ME;0;0
4;B4;MESU;ME;0;0
4;B5;MESU;ME;0;0
4;B6;MESU;ME;0;0
4;C1;MESU;ME;0;0
4;C2;MESU;ME;0;0
4;C3;MESU;ME;0;0
4;C4;MESU;ME;0;0
4;C5;MESU;ME;0;0
4;C6;MESU;ME;0;0
4;D1;MESU;ME;0;0
4;D2;MESU;ME;0;0
4;D3;MESU;ME;0;0
4;D4;MESU;ME;0;0
4;D5;MESU;ME;0;0
4;D6;MESU;ME;0;0
4;E1;MESU;ME;0;0
4;E2;MESU;ME;220;220
4;E2;MESU;ME;240;240
4;E3;MESU;ME;0;0
4;E4;MESU;ME;0;0
4;E5;MESU;ME;0;0
4;E6;MESU;ME;0;0
4;F1;MESU;ME;0;0
4;F2;MESU;ME;0;0
4;F3;MESU;ME;0;0
4;F4;MESU;ME;0;0
4;F5;MESU;ME;0;0
4;F6;MESU;ME;240;240
4;F6;MESU;ME;220;220
4;F6;MESU;ME;210;210
5;A1;MESU;ME;0;0
5;A2;MESU;ME;0;0
5;A3;MESU;ME;0;0
5;A4;MESU;ME;0;0
5;A5;MESU;ME;0;0
5;A6;MESU;ME;0;0
5;B1;MESU;ME;0;0
5;B2;MESU;ME;0;0
5;B3;MESU;ME;0;0
5;B4;MESU;ME;0;0
5;B5;MESU;ME;0;0
5;B6;MESU;ME;0;0
5;C1;MESU;ME;0;0
5;C2;MESU;ME;0;0
5;C3;MESU;ME;0;0
5;C4;MESU;ME;0;0
5;C5;MESU;ME;0;0
5;C6;MESU;ME;0;0
5;D1;MESU;ME;0;0
5;D2;MESU;ME;0;0
5;D3;MESU;ME;0;0
5;D4;MESU;ME;0;0
5;D5;MESU;ME;0;0
5;D6;MESU;ME;0;0
5;E1;MESU;ME;0;0
5;E2;MESU;ME;0;0
5;E3;MESU;ME;0;0
5;E4;MESU;ME;0;0
5;E5;MESU;ME;0;0
5;E6;MESU;ME;0;0
5;F1;MESU;ME;0;0
5;F2;MESU;ME;0;0
5;F3;MESU;ME;0;0
5;F4;MESU;ME;0;0
5;F5;MESU;ME;0;0
5;F6;MESU;ME;0;0
6;A1;MESU;ME;0;0
6;A2;MESU;ME;0;0
6;A3;MESU;ME;0;0
6;A4;MESU;ME;0;0
6;A5;MESU;ME;0;0
6;A6;MESU;ME;0;0
6;B1;MESU;ME;0;0
6;B2;MESU;ME;0;0
6;B3;MESU;ME;0;0
6;B4;MESU;ME;0;0
6;B5;MESU;ME;0;0
6;B6;MESU;ME;0;0
6;C1;MESU;ME;0;0
6;C2;MESU;ME;0;0
6;C3;MESU;ME;0;0
6;C4;MESU;ME;0;0
6;C5;MESU;ME;0;0
6;C6;MESU;ME;0;0
6;D1;MESU;ME;0;0
6;D2;MESU;ME;0;0
6;D3;MESU;ME;0;0
6;D4;MESU;ME;0;0
6;D5;MESU;ME;0;0
6;D6;MESU;ME;0;0
6;E1;MESU;ME;0;0
6;E2;MESU;ME;0;0
6;E3;MESU;ME;0;0
6;E4;MESU;ME;0;0
6;E5;MESU;ME;0;0
6;E6;MESU;ME;0;0
6;F1;MESU;ME;0;0
6;F2;MESU;ME;0;0
6;F3;MESU;ME;0;0
6;F4;MESU;ME;0;0
6;F5;MESU;ME;0;0
6;F6;MESU;ME;0;0
7;A1;MESU;ME;500;500
7;A2;MESU;ME;0;0
7;A3;MESU;ME;0;0
7;A4;MESU;ME;500;500
7;A5;MESU;ME;0;0
7;A6;MESU;ME;240;240
7;B1;MESU;ME;160;160
7;B2;MESU;ME;280;280
7;B3;MESU;ME;0;0
7;B4;MESU;ME;360;360
7;B5;MESU;ME;200;200
7;B6;MESU;ME;0;0
7;C1;MESU;ME;0;0
7;C2;MESU;ME;0;0
7;C3;MESU;ME;0;0
7;C4;MESU;ME;0;0
7;C5;MESU;ME;240;240
7;C6;MESU;ME;280;280
7;D1;MESU;ME;0;0
7;D2;MESU;ME;0;0
7;D3;MESU;ME;0;0
7;D4;MESU;ME;0;0
7;D5;MESU;ME;200;200
7;D6;MESU;ME;0;0
7;E1;MESU;ME;0;0
7;E2;MESU;ME;0;0
7;E3;MESU;ME;0;0
7;E4;MESU;ME;200;200
7;E5;MESU;ME;400;400
7;E6;MESU;ME;180;180
7;F1;MESU;ME;0;0
7;F2;MESU;ME;0;0
7;F3;MESU;ME;0;0
7;F4;MESU;ME;0;0
7;F5;MESU;ME;0;0
7;F6;MESU;ME;0;0
8;A1;MESU;ME;0;0
8;A2;MESU;ME;0;0
8;A3;MESU;ME;0;0
8;A4;MESU;ME;500;500
8;A5;MESU;ME;390;390
8;A6;MESU;ME;500;500
8;B1;MESU;ME;0;0
8;B2;MESU;ME;400;400
8;B3;MESU;ME;500;500
8;B4;MESU;ME;500;500
8;B5;MESU;ME;0;0
8;B6;MESU;ME;0;0
8;C1;MESU;ME;0;0
8;C2;MESU;ME;0;0
8;C3;MESU;ME;350;350
8;C4;MESU;ME;0;0
8;C5;MESU;ME;500;500
8;C6;MESU;ME;0;0
8;D1;MESU;ME;0;0
8;D2;MESU;ME;0;0
8;D3;MESU;ME;0;0
8;D4;MESU;ME;500;500
8;D5;MESU;ME;0;0
8;D6;MESU;ME;450;450
8;E1;MESU;ME;500;500
8;E2;MESU;ME;0;0
8;E3;MESU;ME;450;450
8;E4;MESU;ME;0;0
8;E5;MESU;ME;390;390
8;E6;MESU;ME;0;0
8;F1;MESU;ME;0;0
8;F2;MESU;ME;0;0
8;F3;MESU;ME;0;0
8;F4;MESU;ME;0;0
8;F5;MESU;ME;0;0
8;F6;MESU;ME;0;0
9;A1;MESU;ME;0;0
9;A2;MESU;ME;20;20
9;A3;MESU;ME;30;30
9;A4;MESU;ME;70;70
9;A5;MESU;ME;80;80
9;A6;MESU;ME;300;300
9;B1;MESU;ME;60;60
9;B2;MESU;ME;0;0
9;B3;MESU;ME;0;0
9;B4;MESU;ME;120;120
9;B5;MESU;ME;140;140
9;B6;MESU;ME;300;300
9;C1;MESU;ME;0;0
9;C2;MESU;ME;150;150
9;C3;MESU;ME;0;0
9;C4;MESU;ME;0;0
9;C5;MESU;ME;140;140
9;C6;MESU;ME;140;140
9;D1;MESU;ME;0;0
9;D2;MESU;ME;0;0
9;D3;MESU;ME;0;0
9;D4;MESU;ME;240;240
9;D5;MESU;ME;180;180
9;D6;MESU;ME;0;0
9;E1;MESU;ME;0;0
9;E2;MESU;ME;0;0
9;E3;MESU;ME;0;0
9;E4;MESU;ME;0;0
9;E5;MESU;ME;0;0
9;E6;MESU;ME;0;0
9;F1;MESU;ME;0;0
9;F2;MESU;ME;0;0
9;F3;MESU;ME;0;0
9;F4;MESU;ME;0;0
9;F5;MESU;ME;0;0
9;F6;MESU;ME;0;0
1;A1;PUPA;PUPA;0;0
1;A2;PUPA;PUPA;0;0
1;A3;PUPA;PUPA;0;0
1;A4;PUPA;PUPA;0;0
1;A5;PUPA;PUPA;0;0
1;A6;PUPA;PUPA;0;0
1;B1;PUPA;PUPA;0;0
1;B2;PUPA;PUPA;0;0
1;B3;PUPA;PUPA;0;0
1;B4;PUPA;PUPA;0;0
1;B5;PUPA;PUPA;0;0
1;B6;PUPA;PUPA;0;0
1;C1;PUPA;PUPA;0;0
1;C2;PUPA;PUPA;0;0
1;C3;PUPA;PUPA;0;0
1;C4;PUPA;PUPA;0;0
1;C5;PUPA;PUPA;0;0
1;C6;PUPA;PUPA;0;0
1;D1;PUPA;PUPA;0;0
1;D2;PUPA;PUPA;0;0
1;D3;PUPA;PUPA;0;0
1;D4;PUPA;PUPA;0;0
1;D5;PUPA;PUPA;0;0
1;D6;PUPA;PUPA;0;0
1;E1;PUPA;PUPA;0;0
1;E2;PUPA;PUPA;0;0
1;E3;PUPA;PUPA;0;0
1;E4;PUPA;PUPA;0;0
1;E5;PUPA;PUPA;0;0
1;E6;PUPA;PUPA;0;0
1;F1;PUPA;PUPA;0;0
1;F2;PUPA;PUPA;0;0
1;F3;PUPA;PUPA;0;0
1;F4;PUPA;PUPA;0;0
1;F5;PUPA;PUPA;0;0
1;F6;PUPA;PUPA;0;0
2;A1;PUPA;PUPA;0;0
2;A2;PUPA;PUPA;0;0
2;A3;PUPA;PUPA;0;0
2;A4;PUPA;PUPA;0;0
2;A5;PUPA;PUPA;0;0
2;A6;PUPA;PUPA;0;0
2;B1;PUPA;PUPA;0;0
2;B2;PUPA;PUPA;0;0
2;B3;PUPA;PUPA;0;0
2;B4;PUPA;PUPA;0;0
2;B5;PUPA;PUPA;0;0
2;B6;PUPA;PUPA;0;0
2;C1;PUPA;PUPA;0;0
2;C2;PUPA;PUPA;0;0
2;C3;PUPA;PUPA;0;0
2;C4;PUPA;PUPA;0;0
2;C5;PUPA;PUPA;12;420
2;C6;PUPA;PUPA;0;0
2;D1;PUPA;PUPA;0;0
2;D2;PUPA;PUPA;0;0
2;D3;PUPA;PUPA;0;0
2;D4;PUPA;PUPA;0;0
2;D5;PUPA;PUPA;0;0
2;D6;PUPA;PUPA;7;245
2;E1;PUPA;PUPA;0;0
2;E2;PUPA;PUPA;0;0
2;E3;PUPA;PUPA;0;0
2;E4;PUPA;PUPA;0;0
2;E5;PUPA;PUPA;0;0
2;E6;PUPA;PUPA;0;0
2;F1;PUPA;PUPA;0;0
2;F2;PUPA;PUPA;0;0
2;F3;PUPA;PUPA;0;0
2;F4;PUPA;PUPA;0;0
2;F5;PUPA;PUPA;0;0
2;F6;PUPA;PUPA;4;140
3;A1;PUPA;PUPA;0;0
3;A2;PUPA;PUPA;0;0
3;A3;PUPA;PUPA;0;0
3;A4;PUPA;PUPA;0;0
3;A5;PUPA;PUPA;0;0
3;A6;PUPA;PUPA;0;0
3;B1;PUPA;PUPA;0;0
3;B2;PUPA;PUPA;0;0
3;B3;PUPA;PUPA;0;0
3;B4;PUPA;PUPA;0;0
3;B5;PUPA;PUPA;0;0
3;B6;PUPA;PUPA;0;0
3;C1;PUPA;PUPA;0;0
3;C2;PUPA;PUPA;0;0
3;C3;PUPA;PUPA;0;0
3;C4;PUPA;PUPA;0;0
3;C5;PUPA;PUPA;0;0
3;C6;PUPA;PUPA;0;0
3;D1;PUPA;PUPA;0;0
3;D2;PUPA;PUPA;0;0
3;D3;PUPA;PUPA;0;0
3;D4;PUPA;PUPA;0;0
3;D5;PUPA;PUPA;0;0
3;D6;PUPA;PUPA;0;0
3;E1;PUPA;PUPA;0;0
3;E2;PUPA;PUPA;0;0
3;E3;PUPA;PUPA;0;0
3;E4;PUPA;PUPA;0;0
3;E5;PUPA;PUPA;0;0
3;E6;PUPA;PUPA;0;0
3;F1;PUPA;PUPA;0;0
3;F2;PUPA;PUPA;0;0
3;F3;PUPA;PUPA;0;0
3;F4;PUPA;PUPA;0;0
3;F5;PUPA;PUPA;0;0
3;F6;PUPA;PUPA;0;0
4;A1;PUPA;PUPA;0;0
4;A2;PUPA;PUPA;0;0
4;A3;PUPA;PUPA;0;0
4;A4;PUPA;PUPA;0;0
4;A5;PUPA;PUPA;0;0
4;A6;PUPA;PUPA;0;0
4;B1;PUPA;PUPA;0;0
4;B2;PUPA;PUPA;0;0
4;B3;PUPA;PUPA;0;0
4;B4;PUPA;PUPA;0;0
4;B5;PUPA;PUPA;0;0
4;B6;PUPA;PUPA;0;0
4;C1;PUPA;PUPA;0;0
4;C2;PUPA;PUPA;0;0
4;C3;PUPA;PUPA;0;0
4;C4;PUPA;PUPA;0;0
4;C5;PUPA;PUPA;0;0
4;C6;PUPA;PUPA;0;0
4;D1;PUPA;PUPA;0;0
4;D2;PUPA;PUPA;0;0
4;D3;PUPA;PUPA;0;0
4;D4;PUPA;PUPA;0;0
4;D5;PUPA;PUPA;0;0
4;D6;PUPA;PUPA;0;0
4;E1;PUPA;PUPA;0;0
4;E2;PUPA;PUPA;0;0
4;E3;PUPA;PUPA;0;0
4;E4;PUPA;PUPA;0;0
4;E5;PUPA;PUPA;0;0
4;E6;PUPA;PUPA;0;0
4;F1;PUPA;PUPA;0;0
4;F2;PUPA;PUPA;0;0
4;F3;PUPA;PUPA;0;0
4;F4;PUPA;PUPA;0;0
4;F5;PUPA;PUPA;0;0
4;F6;PUPA;PUPA;0;0
5;A1;PUPA;PUPA;0;0
5;A2;PUPA;PUPA;0;0
5;A3;PUPA;PUPA;0;0
5;A4;PUPA;PUPA;0;0
5;A5;PUPA;PUPA;0;0
5;A6;PUPA;PUPA;0;0
5;B1;PUPA;PUPA;0;0
5;B2;PUPA;PUPA;0;0
5;B3;PUPA;PUPA;0;0
5;B4;PUPA;PUPA;0;0
5;B5;PUPA;PUPA;0;0
5;B6;PUPA;PUPA;0;0
5;C1;PUPA;PUPA;0;0
5;C2;PUPA;PUPA;0;0
5;C3;PUPA;PUPA;0;0
5;C4;PUPA;PUPA;0;0
5;C5;PUPA;PUPA;0;0
5;C6;PUPA;PUPA;0;0
5;D1;PUPA;PUPA;0;0
5;D2;PUPA;PUPA;0;0
5;D3;PUPA;PUPA;0;0
5;D4;PUPA;PUPA;0;0
5;D5;PUPA;PUPA;0;0
5;D6;PUPA;PUPA;0;0
5;E1;PUPA;PUPA;0;0
5;E2;PUPA;PUPA;0;0
5;E3;PUPA;PUPA;0;0
5;E4;PUPA;PUPA;0;0
5;E5;PUPA;PUPA;0;0
5;E6;PUPA;PUPA;0;0
5;F1;PUPA;PUPA;0;0
5;F2;PUPA;PUPA;0;0
5;F3;PUPA;PUPA;0;0
5;F4;PUPA;PUPA;0;0
5;F5;PUPA;PUPA;0;0
5;F6;PUPA;PUPA;0;0
6;A1;PUPA;PUPA;0;0
6;A2;PUPA;PUPA;0;0
6;A3;PUPA;PUPA;0;0
6;A4;PUPA;PUPA;0;0
6;A5;PUPA;PUPA;0;0
6;A6;PUPA;PUPA;0;0
6;B1;PUPA;PUPA;0;0
6;B2;PUPA;PUPA;0;0
6;B3;PUPA;PUPA;0;0
6;B4;PUPA;PUPA;0;0
6;B5;PUPA;PUPA;0;0
6;B6;PUPA;PUPA;0;0
6;C1;PUPA;PUPA;0;0
6;C2;PUPA;PUPA;0;0
6;C3;PUPA;PUPA;0;0
6;C4;PUPA;PUPA;0;0
6;C5;PUPA;PUPA;0;0
6;C6;PUPA;PUPA;0;0
6;D1;PUPA;PUPA;0;0
6;D2;PUPA;PUPA;0;0
6;D3;PUPA;PUPA;0;0
6;D4;PUPA;PUPA;0;0
6;D5;PUPA;PUPA;0;0
6;D6;PUPA;PUPA;0;0
6;E1;PUPA;PUPA;0;0
6;E2;PUPA;PUPA;0;0
6;E3;PUPA;PUPA;0;0
6;E4;PUPA;PUPA;0;0
6;E5;PUPA;PUPA;0;0
6;E6;PUPA;PUPA;0;0
6;F1;PUPA;PUPA;0;0
6;F2;PUPA;PUPA;0;0
6;F3;PUPA;PUPA;0;0
6;F4;PUPA;PUPA;0;0
6;F5;PUPA;PUPA;0;0
6;F6;PUPA;PUPA;0;0
7;A1;PUPA;PUPA;15;525
7;A2;PUPA;PUPA;10;350
7;A3;PUPA;PUPA;0;0
7;A4;PUPA;PUPA;15;525
7;A5;PUPA;PUPA;24;840
7;A6;PUPA;PUPA;20;700
7;B1;PUPA;PUPA;8;280
7;B2;PUPA;PUPA;0;0
7;B3;PUPA;PUPA;0;0
7;B4;PUPA;PUPA;11;385
7;B5;PUPA;PUPA;9;315
7;B6;PUPA;PUPA;12;420
7;C1;PUPA;PUPA;15;525
7;C2;PUPA;PUPA;0;0
7;C3;PUPA;PUPA;12;420
7;C4;PUPA;PUPA;5;175
7;C5;PUPA;PUPA;14;490
7;C6;PUPA;PUPA;22;770
7;D1;PUPA;PUPA;0;0
7;D2;PUPA;PUPA;0;0
7;D3;PUPA;PUPA;6;210
7;D4;PUPA;PUPA;14;490
7;D5;PUPA;PUPA;17;595
7;D6;PUPA;PUPA;21;735
7;E1;PUPA;PUPA;0;0
7;E2;PUPA;PUPA;0;0
7;E3;PUPA;PUPA;16;560
7;E4;PUPA;PUPA;7;245
7;E5;PUPA;PUPA;9;315
7;E6;PUPA;PUPA;7;245
7;F1;PUPA;PUPA;0;0
7;F2;PUPA;PUPA;0;0
7;F3;PUPA;PUPA;0;0
7;F4;PUPA;PUPA;14;490
7;F5;PUPA;PUPA;6;210
7;F6;PUPA;PUPA;0;0
8;A1;PUPA;PUPA;0;0
8;A2;PUPA;PUPA;9;315
8;A3;PUPA;PUPA;12;420
8;A4;PUPA;PUPA;15;525
8;A5;PUPA;PUPA;9;315
8;A6;PUPA;PUPA;7;245
8;B1;PUPA;PUPA;0;0
8;B2;PUPA;PUPA;11;385
8;B3;PUPA;PUPA;21;735
8;B4;PUPA;PUPA;30;1050
8;B5;PUPA;PUPA;7;245
8;B6;PUPA;PUPA;14;490
8;C1;PUPA;PUPA;24;840
8;C2;PUPA;PUPA;19;665
8;C3;PUPA;PUPA;15;525
8;C4;PUPA;PUPA;16;560
8;C5;PUPA;PUPA;9;315
8;C6;PUPA;PUPA;11;385
8;D1;PUPA;PUPA;0;0
8;D2;PUPA;PUPA;24;840
8;D3;PUPA;PUPA;14;490
8;D4;PUPA;PUPA;11;385
8;D5;PUPA;PUPA;7;245
8;D6;PUPA;PUPA;6;210
8;E1;PUPA;PUPA;8;280
8;E2;PUPA;PUPA;14;490
8;E3;PUPA;PUPA;12;420
8;E4;PUPA;PUPA;9;315
8;E5;PUPA;PUPA;11;385
8;E6;PUPA;PUPA;7;245
8;F1;PUPA;PUPA;0;0
8;F2;PUPA;PUPA;0;0
8;F3;PUPA;PUPA;0;0
8;F4;PUPA;PUPA;0;0
8;F5;PUPA;PUPA;16;560
8;F6;PUPA;PUPA;9;315
9;A1;PUPA;PUPA;0;0
9;A2;PUPA;PUPA;0;0
9;A3;PUPA;PUPA;0;0
9;A4;PUPA;PUPA;0;0
9;A5;PUPA;PUPA;0;0
9;A6;PUPA;PUPA;0;0
9;B1;PUPA;PUPA;0;0
9;B2;PUPA;PUPA;0;0
9;B3;PUPA;PUPA;0;0
9;B4;PUPA;PUPA;0;0
9;B5;PUPA;PUPA;0;0
9;B6;PUPA;PUPA;0;0
9;C1;PUPA;PUPA;0;0
9;C2;PUPA;PUPA;0;0
9;C3;PUPA;PUPA;0;0
9;C4;PUPA;PUPA;0;0
9;C5;PUPA;PUPA;0;0
9;C6;PUPA;PUPA;0;0
9;D1;PUPA;PUPA;0;0
9;D2;PUPA;PUPA;0;0
9;D3;PUPA;PUPA;0;0
9;D4;PUPA;PUPA;0;0
9;D5;PUPA;PUPA;0;0
9;D6;PUPA;PUPA;0;0
9;E1;PUPA;PUPA;0;0
9;E2;PUPA;PUPA;0;0
9;E3;PUPA;PUPA;0;0
9;E4;PUPA;PUPA;0;0
9;E5;PUPA;PUPA;0;0
9;E6;PUPA;PUPA;0;0
9;F1;PUPA;PUPA;0;0
9;F2;PUPA;PUPA;0;0
9;F3;PUPA;PUPA;0;0
9;F4;PUPA;PUPA;0;0
9;F5;PUPA;PUPA;0;0
9;F6;PUPA;PUPA;0;0
1;A1;CHMI;CHMI;0;0
1;A2;CHMI;CHMI;0;0
1;A3;CHMI;CHMI;0;0
1;A4;CHMI;CHMI;0;0
1;A5;CHMI;CHMI;0;0
1;A6;CHMI;CHMI;0;0
1;B1;CHMI;CHMI;0;0
1;B2;CHMI;CHMI;0;0
1;B3;CHMI;CHMI;0;0
1;B4;CHMI;CHMI;0;0
1;B5;CHMI;CHMI;0;0
1;B6;CHMI;CHMI;0;0
1;C1;CHMI;CHMI;0;0
1;C2;CHMI;CHMI;0;0
1;C3;CHMI;CHMI;0;0
1;C4;CHMI;CHMI;0;0
1;C5;CHMI;CHMI;0;0
1;C6;CHMI;CHMI;0;0
1;D1;CHMI;CHMI;0;0
1;D2;CHMI;CHMI;0;0
1;D3;CHMI;CHMI;0;0
1;D4;CHMI;CHMI;0;0
1;D5;CHMI;CHMI;0;0
1;D6;CHMI;CHMI;0;0
1;E1;CHMI;CHMI;0;0
1;E2;CHMI;CHMI;0;0
1;E3;CHMI;CHMI;0;0
1;E4;CHMI;CHMI;0;0
1;E5;CHMI;CHMI;0;0
1;E6;CHMI;CHMI;0;0
1;F1;CHMI;CHMI;0;0
1;F2;CHMI;CHMI;0;0
1;F3;CHMI;CHMI;0;0
1;F4;CHMI;CHMI;0;0
1;F5;CHMI;CHMI;0;0
1;F6;CHMI;CHMI;0;0
2;A1;CHMI;CHMI;0;0
2;A2;CHMI;CHMI;0;0
2;A3;CHMI;CHMI;0;0
2;A4;CHMI;CHMI;0;0
2;A5;CHMI;CHMI;0;0
2;A6;CHMI;CHMI;0;0
2;B1;CHMI;CHMI;0;0
2;B2;CHMI;CHMI;0;0
2;B3;CHMI;CHMI;0;0
2;B4;CHMI;CHMI;0;0
2;B5;CHMI;CHMI;0;0
2;B6;CHMI;CHMI;0;0
2;C1;CHMI;CHMI;0;0
2;C2;CHMI;CHMI;0;0
2;C3;CHMI;CHMI;0;0
2;C4;CHMI;CHMI;0;0
2;C5;CHMI;CHMI;0;0
2;C6;CHMI;CHMI;0;0
2;D1;CHMI;CHMI;0;0
2;D2;CHMI;CHMI;0;0
2;D3;CHMI;CHMI;0;0
2;D4;CHMI;CHMI;0;0
2;D5;CHMI;CHMI;0;0
2;D6;CHMI;CHMI;0;0
2;E1;CHMI;CHMI;0;0
2;E2;CHMI;CHMI;0;0
2;E3;CHMI;CHMI;0;0
2;E4;CHMI;CHMI;0;0
2;E5;CHMI;CHMI;0;0
2;E6;CHMI;CHMI;0;0
2;F1;CHMI;CHMI;0;0
2;F2;CHMI;CHMI;0;0
2;F3;CHMI;CHMI;0;0
2;F4;CHMI;CHMI;0;0
2;F5;CHMI;CHMI;16;832
2;F5;CHMI;CHMI;10;520
2;F5;CHMI;CHMI;3;156
2;F5;CHMI;CHMI;14;728
2;F5;CHMI;CHMI;6;312
2;F6;CHMI;CHMI;0;0
3;A1;CHMI;CHMI;0;0
3;A2;CHMI;CHMI;0;0
3;A3;CHMI;CHMI;0;0
3;A4;CHMI;CHMI;0;0
3;A5;CHMI;CHMI;0;0
3;A6;CHMI;CHMI;0;0
3;B1;CHMI;CHMI;0;0
3;B2;CHMI;CHMI;0;0
3;B3;CHMI;CHMI;0;0
3;B4;CHMI;CHMI;0;0
3;B5;CHMI;CHMI;0;0
3;B6;CHMI;CHMI;0;0
3;C1;CHMI;CHMI;0;0
3;C2;CHMI;CHMI;0;0
3;C3;CHMI;CHMI;0;0
3;C4;CHMI;CHMI;0;0
3;C5;CHMI;CHMI;0;0
3;C6;CHMI;CHMI;0;0
3;D1;CHMI;CHMI;0;0
3;D2;CHMI;CHMI;0;0
3;D3;CHMI;CHMI;0;0
3;D4;CHMI;CHMI;0;0
3;D5;CHMI;CHMI;0;0
3;D6;CHMI;CHMI;0;0
3;E1;CHMI;CHMI;0;0
3;E2;CHMI;CHMI;0;0
3;E3;CHMI;CHMI;0;0
3;E4;CHMI;CHMI;0;0
3;E5;CHMI;CHMI;0;0
3;E6;CHMI;CHMI;0;0
3;F1;CHMI;CHMI;0;0
3;F2;CHMI;CHMI;0;0
3;F3;CHMI;CHMI;0;0
3;F4;CHMI;CHMI;0;0
3;F5;CHMI;CHMI;0;0
3;F6;CHMI;CHMI;0;0
4;A1;CHMI;CHMI;0;0
4;A2;CHMI;CHMI;0;0
4;A3;CHMI;CHMI;0;0
4;A4;CHMI;CHMI;0;0
4;A5;CHMI;CHMI;0;0
4;A6;CHMI;CHMI;0;0
4;B1;CHMI;CHMI;0;0
4;B2;CHMI;CHMI;0;0
4;B3;CHMI;CHMI;0;0
4;B4;CHMI;CHMI;0;0
4;B5;CHMI;CHMI;0;0
4;B6;CHMI;CHMI;0;0
4;C1;CHMI;CHMI;0;0
4;C2;CHMI;CHMI;0;0
4;C3;CHMI;CHMI;0;0
4;C4;CHMI;CHMI;0;0
4;C5;CHMI;CHMI;0;0
4;C6;CHMI;CHMI;0;0
4;D1;CHMI;CHMI;0;0
4;D2;CHMI;CHMI;0;0
4;D3;CHMI;CHMI;0;0
4;D4;CHMI;CHMI;0;0
4;D5;CHMI;CHMI;0;0
4;D6;CHMI;CHMI;0;0
4;E1;CHMI;CHMI;0;0
4;E2;CHMI;CHMI;0;0
4;E3;CHMI;CHMI;0;0
4;E4;CHMI;CHMI;0;0
4;E5;CHMI;CHMI;0;0
4;E6;CHMI;CHMI;0;0
4;F1;CHMI;CHMI;0;0
4;F2;CHMI;CHMI;0;0
4;F3;CHMI;CHMI;0;0
4;F4;CHMI;CHMI;0;0
4;F5;CHMI;CHMI;0;0
4;F6;CHMI;CHMI;0;0
5;A1;CHMI;CHMI;0;0
5;A2;CHMI;CHMI;0;0
5;A3;CHMI;CHMI;0;0
5;A4;CHMI;CHMI;0;0
5;A5;CHMI;CHMI;0;0
5;A6;CHMI;CHMI;0;0
5;B1;CHMI;CHMI;0;0
5;B2;CHMI;CHMI;0;0
5;B3;CHMI;CHMI;0;0
5;B4;CHMI;CHMI;0;0
5;B5;CHMI;CHMI;0;0
5;B6;CHMI;CHMI;0;0
5;C1;CHMI;CHMI;0;0
5;C2;CHMI;CHMI;0;0
5;C3;CHMI;CHMI;0;0
5;C4;CHMI;CHMI;0;0
5;C5;CHMI;CHMI;0;0
5;C6;CHMI;CHMI;0;0
5;D1;CHMI;CHMI;0;0
5;D2;CHMI;CHMI;0;0
5;D3;CHMI;CHMI;0;0
5;D4;CHMI;CHMI;0;0
5;D5;CHMI;CHMI;0;0
5;D6;CHMI;CHMI;0;0
5;E1;CHMI;CHMI;0;0
5;E2;CHMI;CHMI;0;0
5;E3;CHMI;CHMI;0;0
5;E4;CHMI;CHMI;0;0
5;E5;CHMI;CHMI;0;0
5;E6;CHMI;CHMI;0;0
5;F1;CHMI;CHMI;0;0
5;F2;CHMI;CHMI;0;0
5;F3;CHMI;CHMI;0;0
5;F4;CHMI;CHMI;0;0
5;F5;CHMI;CHMI;0;0
5;F6;CHMI;CHMI;0;0
6;A1;CHMI;CHMI;0;0
6;A2;CHMI;CHMI;0;0
6;A3;CHMI;CHMI;0;0
6;A4;CHMI;CHMI;0;0
6;A5;CHMI;CHMI;0;0
6;A6;CHMI;CHMI;0;0
6;B1;CHMI;CHMI;0;0
6;B2;CHMI;CHMI;0;0
6;B3;CHMI;CHMI;0;0
6;B4;CHMI;CHMI;0;0
6;B5;CHMI;CHMI;0;0
6;B6;CHMI;CHMI;0;0
6;C1;CHMI;CHMI;0;0
6;C2;CHMI;CHMI;0;0
6;C3;CHMI;CHMI;0;0
6;C4;CHMI;CHMI;0;0
6;C5;CHMI;CHMI;0;0
6;C6;CHMI;CHMI;0;0
6;D1;CHMI;CHMI;0;0
6;D2;CHMI;CHMI;0;0
6;D3;CHMI;CHMI;0;0
6;D4;CHMI;CHMI;0;0
6;D5;CHMI;CHMI;0;0
6;D6;CHMI;CHMI;0;0
6;E1;CHMI;CHMI;0;0
6;E2;CHMI;CHMI;0;0
6;E3;CHMI;CHMI;0;0
6;E4;CHMI;CHMI;0;0
6;E5;CHMI;CHMI;0;0
6;E6;CHMI;CHMI;0;0
6;F1;CHMI;CHMI;0;0
6;F2;CHMI;CHMI;0;0
6;F3;CHMI;CHMI;0;0
6;F4;CHMI;CHMI;0;0
6;F5;CHMI;CHMI;0;0
6;F6;CHMI;CHMI;0;0
7;A1;CHMI;CHMI;0;0
7;A2;CHMI;CHMI;0;0
7;A3;CHMI;CHMI;0;0
7;A4;CHMI;CHMI;0;0
7;A5;CHMI;CHMI;0;0
7;A6;CHMI;CHMI;0;0
7;B1;CHMI;CHMI;0;0
7;B2;CHMI;CHMI;0;0
7;B3;CHMI;CHMI;0;0
7;B4;CHMI;CHMI;0;0
7;B5;CHMI;CHMI;0;0
7;B6;CHMI;CHMI;50;2600
7;C1;CHMI;CHMI;0;0
7;C2;CHMI;CHMI;0;0
7;C3;CHMI;CHMI;0;0
7;C4;CHMI;CHMI;0;0
7;C5;CHMI;CHMI;0;0
7;C6;CHMI;CHMI;0;0
7;D1;CHMI;CHMI;0;0
7;D2;CHMI;CHMI;0;0
7;D3;CHMI;CHMI;0;0
7;D4;CHMI;CHMI;0;0
7;D5;CHMI;CHMI;0;0
7;D6;CHMI;CHMI;0;0
7;E1;CHMI;CHMI;0;0
7;E2;CHMI;CHMI;0;0
7;E3;CHMI;CHMI;0;0
7;E4;CHMI;CHMI;0;0
7;E5;CHMI;CHMI;0;0
7;E6;CHMI;CHMI;0;0
7;F1;CHMI;CHMI;0;0
7;F2;CHMI;CHMI;0;0
7;F3;CHMI;CHMI;0;0
7;F4;CHMI;CHMI;0;0
7;F5;CHMI;CHMI;0;0
7;F6;CHMI;CHMI;0;0
8;A1;CHMI;CHMI;0;0
8;A2;CHMI;CHMI;0;0
8;A3;CHMI;CHMI;0;0
8;A4;CHMI;CHMI;0;0
8;A5;CHMI;CHMI;0;0
8;A6;CHMI;CHMI;0;0
8;B1;CHMI;CHMI;0;0
8;B2;CHMI;CHMI;0;0
8;B3;CHMI;CHMI;0;0
8;B4;CHMI;CHMI;0;0
8;B5;CHMI;CHMI;0;0
8;B6;CHMI;CHMI;0;0
8;C1;CHMI;CHMI;0;0
8;C2;CHMI;CHMI;0;0
8;C3;CHMI;CHMI;0;0
8;C4;CHMI;CHMI;0;0
8;C5;CHMI;CHMI;0;0
8;C6;CHMI;CHMI;0;0
8;D1;CHMI;CHMI;0;0
8;D2;CHMI;CHMI;0;0
8;D3;CHMI;CHMI;0;0
8;D4;CHMI;CHMI;0;0
8;D5;CHMI;CHMI;0;0
8;D6;CHMI;CHMI;0;0
8;E1;CHMI;CHMI;0;0
8;E2;CHMI;CHMI;0;0
8;E3;CHMI;CHMI;0;0
8;E4;CHMI;CHMI;0;0
8;E5;CHMI;CHMI;0;0
8;E6;CHMI;CHMI;0;0
8;F1;CHMI;CHMI;0;0
8;F2;CHMI;CHMI;0;0
8;F3;CHMI;CHMI;0;0
8;F4;CHMI;CHMI;0;0
8;F5;CHMI;CHMI;0;0
8;F6;CHMI;CHMI;0;0
9;A1;CHMI;CHMI;0;0
9;A2;CHMI;CHMI;0;0
9;A3;CHMI;CHMI;0;0
9;A4;CHMI;CHMI;0;0
9;A5;CHMI;CHMI;0;0
9;A6;CHMI;CHMI;0;0
9;B1;CHMI;CHMI;0;0
9;B2;CHMI;CHMI;0;0
9;B3;CHMI;CHMI;0;0
9;B4;CHMI;CHMI;0;0
9;B5;CHMI;CHMI;0;0
9;B6;CHMI;CHMI;0;0
9;C1;CHMI;CHMI;0;0
9;C2;CHMI;CHMI;0;0
9;C3;CHMI;CHMI;0;0
9;C4;CHMI;CHMI;0;0
9;C5;CHMI;CHMI;0;0
9;C6;CHMI;CHMI;0;0
9;D1;CHMI;CHMI;0;0
9;D2;CHMI;CHMI;0;0
9;D3;CHMI;CHMI;0;0
9;D4;CHMI;CHMI;0;0
9;D5;CHMI;CHMI;0;0
9;D6;CHMI;CHMI;0;0
9;E1;CHMI;CHMI;0;0
9;E2;CHMI;CHMI;0;0
9;E3;CHMI;CHMI;0;0
9;E4;CHMI;CHMI;0;0
9;E5;CHMI;CHMI;0;0
9;E6;CHMI;CHMI;0;0
9;F1;CHMI;CHMI;0;0
9;F2;CHMI;CHMI;0;0
9;F3;CHMI;CHMI;0;0
9;F4;CHMI;CHMI;0;0
9;F5;CHMI;CHMI;0;0
9;F6;CHMI;CHMI;0;0
